account,date,compound,positive,negative,neutral,text
@BBC,Wed Jun 06 18:07:32 +0000 2018,0.7035,0.245,0.0,0.755,@BBC And that's more important than news that is impartial. Wondered why the money you command is used so effectively.
@BBC,Wed Jun 06 18:07:29 +0000 2018,0.6705,0.224,0.0,0.776,"RT @simonmaginn: Hi @BBC.
Five solid gleeful weeks of Labour anti-Semitism stories.
One short bulletin about Tory Islamophobia.
Why do Jews‚Ä¶"
@BBC,Wed Jun 06 18:07:19 +0000 2018,0.3818,0.11,0.0,0.89,"RT @WilliamPMack: Dear @BBC  

How have you managed to run 224 articles on alleged antisemitism in Labour, yet only 4 articles on islamopho‚Ä¶"
@BBC,Wed Jun 06 18:07:04 +0000 2018,0.0,0.0,0.0,1.0,"RT @BBC: This incredible cafe is run by teenagers with autism. ‚òïÔ∏èüç∞ü•™

https://t.co/D6HJgLYXxa"
@BBC,Wed Jun 06 18:06:50 +0000 2018,0.6705,0.224,0.0,0.776,"RT @simonmaginn: Hi @BBC.
Five solid gleeful weeks of Labour anti-Semitism stories.
One short bulletin about Tory Islamophobia.
Why do Jews‚Ä¶"
@BBC,Wed Jun 06 18:06:34 +0000 2018,0.0,0.0,0.0,1.0,"RT @BBC: This incredible cafe is run by teenagers with autism. ‚òïÔ∏èüç∞ü•™

https://t.co/D6HJgLYXxa"
@BBC,Wed Jun 06 18:06:30 +0000 2018,0.0,0.0,0.0,1.0,"RT @BBC: This incredible cafe is run by teenagers with autism. ‚òïÔ∏èüç∞ü•™

https://t.co/D6HJgLYXxa"
@BBC,Wed Jun 06 18:06:26 +0000 2018,0.3818,0.11,0.0,0.89,"RT @WilliamPMack: Dear @BBC  

How have you managed to run 224 articles on alleged antisemitism in Labour, yet only 4 articles on islamopho‚Ä¶"
@BBC,Wed Jun 06 18:06:25 +0000 2018,0.0,0.0,0.0,1.0,"https://t.co/SXzK1H4MH9

@DerSPIEGEL @BILD @guardian @bbc @lesoir 
When Spanish minister, Ciudadanos and PP said in‚Ä¶ https://t.co/RarHrvNz22"
@BBC,Wed Jun 06 18:06:07 +0000 2018,0.0,0.0,0.0,1.0,"RT @ALivingstone45: For years, Arundhati Roy has been the Left's prime mouthpiece in the West for maligning the image of Hindus and India a‚Ä¶"
@BBC,Wed Jun 06 18:06:04 +0000 2018,0.0,0.0,0.0,1.0,En n√≥g een mooie miniserie met goede cast bij @BBC  ‚ÄúOrdeal by innocence‚Äù ‚ù§Ô∏èAgatha Christie https://t.co/XNOjDzyQij
@BBC,Wed Jun 06 18:05:54 +0000 2018,0.0,0.0,0.0,1.0,@alison98899 @thismorning @BBC @DailyMailUK @russellcrowe Today xx
@BBC,Wed Jun 06 18:05:50 +0000 2018,-0.2732,0.054,0.108,0.837,"RT @jaybird2414: @narendramodi It's dosent matter BJP or Congress
Law , police , judiciary is all #GenderBiasedLaws towards women..

Y no c‚Ä¶"
@BBC,Wed Jun 06 18:05:29 +0000 2018,0.0,0.0,0.0,1.0,"RT @BBC: It's time to think about our plastic behaviour.
#WorldEnvironmentDay https://t.co/kSzSawpYLv"
@BBC,Wed Jun 06 18:05:06 +0000 2018,0.0,0.0,0.0,1.0,@BBC https://t.co/l2f4jJOpsB
@BBC,Wed Jun 06 18:04:44 +0000 2018,0.1779,0.144,0.109,0.746,RT @BBC: No leaks (and better orgasms) - what you need to know about your pelvic floor. https://t.co/m8pGrbm71M
@BBC,Wed Jun 06 18:04:33 +0000 2018,-0.0772,0.0,0.091,0.909,"RT @Misandry_Kills: #ChildTrafficking racket exposed in #WestBengal (wid Two Mastermind #AblaNari)

#JuhiChoudhury

#ChandanaChakraborty

@‚Ä¶"
@BBC,Wed Jun 06 18:04:31 +0000 2018,0.0,0.0,0.0,1.0,"RT @BBC: This incredible cafe is run by teenagers with autism. ‚òïÔ∏èüç∞ü•™

https://t.co/D6HJgLYXxa"
@BBC,Wed Jun 06 18:04:25 +0000 2018,-0.7684,0.0,0.31,0.69,"RT @jonandrew10: Ermmm.... @BBCNews @BBC , why did you repost this ridiculously insensitive and offensive tweet in your lead article about‚Ä¶"
@BBC,Wed Jun 06 18:04:15 +0000 2018,0.0,0.0,0.0,1.0,"RT @BBC: It's time to think about our plastic behaviour.
#WorldEnvironmentDay https://t.co/kSzSawpYLv"
@BBC,Wed Jun 06 18:04:06 +0000 2018,0.0,0.0,0.0,1.0,"RT @Film_London: In a joint collaboration with @WFTV_UK, @BBC, @Channel4 and @ITV have come together to fund a bursary in memory of Pat Lle‚Ä¶"
@BBC,Wed Jun 06 18:04:00 +0000 2018,0.6705,0.224,0.0,0.776,"RT @simonmaginn: Hi @BBC.
Five solid gleeful weeks of Labour anti-Semitism stories.
One short bulletin about Tory Islamophobia.
Why do Jews‚Ä¶"
@BBC,Wed Jun 06 18:03:49 +0000 2018,-0.5719,0.0,0.198,0.802,"#DisgustingBBC reported about the #Israel-#Argentina match cancellation, but not a word about the threats against t‚Ä¶ https://t.co/qWjmSVBRMY"
@BBC,Wed Jun 06 18:03:25 +0000 2018,0.0,0.0,0.0,1.0,RT @Arvind_C: @Misandry_Kills @narendramodi @nitin_gadkari @Manekagandhibjp @MinistryWCD @DailyMailUK @SkyNewsAust @USATODAY @vaastavngo @t‚Ä¶
@BBC,Wed Jun 06 18:03:20 +0000 2018,0.0,0.0,0.0,1.0,"RT @BBC: It's time to think about our plastic behaviour.
#WorldEnvironmentDay https://t.co/kSzSawpYLv"
@BBC,Wed Jun 06 18:03:09 +0000 2018,0.8126,0.375,0.0,0.625,"@aroybot after speaking this, still you are sleeping peacefully and feeling at peace speaks a lot about‚Ä¶ https://t.co/1DcQ9A4HjG"
@BBC,Wed Jun 06 18:03:07 +0000 2018,0.1779,0.144,0.109,0.746,RT @BBC: No leaks (and better orgasms) - what you need to know about your pelvic floor. https://t.co/m8pGrbm71M
@BBC,Wed Jun 06 18:02:23 +0000 2018,0.3818,0.11,0.0,0.89,"RT @WilliamPMack: Dear @BBC  

How have you managed to run 224 articles on alleged antisemitism in Labour, yet only 4 articles on islamopho‚Ä¶"
@BBC,Wed Jun 06 18:02:18 +0000 2018,0.0,0.0,0.0,1.0,"RT @BBC: This incredible cafe is run by teenagers with autism. ‚òïÔ∏èüç∞ü•™

https://t.co/D6HJgLYXxa"
@BBC,Wed Jun 06 18:02:17 +0000 2018,0.0,0.0,0.0,1.0,"RT @BBC: This incredible cafe is run by teenagers with autism. ‚òïÔ∏èüç∞ü•™

https://t.co/D6HJgLYXxa"
@BBC,Wed Jun 06 18:02:16 +0000 2018,0.0,0.0,0.0,1.0,"RT @BBC: This incredible cafe is run by teenagers with autism. ‚òïÔ∏èüç∞ü•™

https://t.co/D6HJgLYXxa"
@BBC,Wed Jun 06 18:02:15 +0000 2018,0.0,0.0,0.0,1.0,@denilson_kings @shacslaw @KingAbsolute_ @CNN @CNNAfrica @cnnbrk @BBC @BBCWorld @BBCBreaking @FoxNews‚Ä¶ https://t.co/4BXycSiTcl
@BBC,Wed Jun 06 18:01:59 +0000 2018,0.3818,0.11,0.0,0.89,"RT @WilliamPMack: Dear @BBC  

How have you managed to run 224 articles on alleged antisemitism in Labour, yet only 4 articles on islamopho‚Ä¶"
@BBC,Wed Jun 06 18:01:57 +0000 2018,0.0772,0.064,0.0,0.936,"@DavidBflower What we want are windowless planes feeding @BBC's world cup, esp virtual reality where we can click o‚Ä¶ https://t.co/5k6l0FIOUK"
@BBC,Wed Jun 06 18:01:30 +0000 2018,0.0,0.0,0.0,1.0,RT @4Misused: #Time2Change @narendramodi @Manekagandhibjp @__mynf @NThadur @498anlr @mehratweets @ShadesOfKnife @Gameof498A @INCIndia @AamA‚Ä¶
@BBC,Wed Jun 06 18:01:30 +0000 2018,0.0,0.0,0.0,1.0,"Do you have a budding dancer in the family? 

The @BBC are looking for young dancers to take part in their competit‚Ä¶ https://t.co/syS5odj0bQ"
@BBC,Wed Jun 06 18:01:11 +0000 2018,0.8796,0.326,0.0,0.674,What is the best food to eat before an exam?  What food will help me to concentrate? What should I eat for a good n‚Ä¶ https://t.co/PSODiB0DR7
@BBC,Wed Jun 06 18:01:04 +0000 2018,0.0,0.0,0.0,1.0,"RT @BBC: This incredible cafe is run by teenagers with autism. ‚òïÔ∏èüç∞ü•™

https://t.co/D6HJgLYXxa"
@BBC,Wed Jun 06 18:01:04 +0000 2018,0.4019,0.105,0.0,0.895,RT @bhamlaw: Are you interested in undertaking an AHRC (@ahrcpress) funded PhD on the use of #AI in the media industry? @unibirmingham in p‚Ä¶
@BBC,Wed Jun 06 18:01:01 +0000 2018,0.0,0.185,0.148,0.667,"RT @TomLondon6: If a newspaper editor supported a clearly racist election campaign, you would think @BBC would not give them a job let alon‚Ä¶"
@BBC,Wed Jun 06 18:00:44 +0000 2018,0.7506,0.416,0.0,0.584,RT @HelloJoburgMag: Our beautiful city &lt;3 Photo courtesy of @BBC https://t.co/7L7VEk84yu
@BBC,Wed Jun 06 18:00:44 +0000 2018,0.0,0.0,0.0,1.0,"RT @BBC: This incredible cafe is run by teenagers with autism. ‚òïÔ∏èüç∞ü•™

https://t.co/D6HJgLYXxa"
@BBC,Wed Jun 06 18:00:32 +0000 2018,0.0,0.0,0.0,1.0,"Jordan Peterson slams NBC
https://t.co/Sfw48cSLCl
@BBC @BBCWorld @BBCBreaking @AboutTheBBC @BBCSport @BBCNews @BBCR1 @bbclaurak @FOXTV"
@BBC,Wed Jun 06 18:00:27 +0000 2018,-0.6249,0.0,0.204,0.796,RT @judithnwana: The Anglophone Cameroon crisis: June 2018 update: UK House of Commons Library research/briefing: @UKparliament @StateDept‚Ä¶
@BBC,Wed Jun 06 18:00:17 +0000 2018,0.0,0.0,0.0,1.0,"RT @BBC: This incredible cafe is run by teenagers with autism. ‚òïÔ∏èüç∞ü•™

https://t.co/D6HJgLYXxa"
@BBC,Wed Jun 06 18:00:09 +0000 2018,0.6705,0.224,0.0,0.776,"RT @simonmaginn: Hi @BBC.
Five solid gleeful weeks of Labour anti-Semitism stories.
One short bulletin about Tory Islamophobia.
Why do Jews‚Ä¶"
@BBC,Wed Jun 06 18:00:07 +0000 2018,-0.6449,0.0,0.299,0.701,"@DerSPIEGEL @BILD @lesoir @BBC @guardian 

Terrible news! Spain is freefalling!!! https://t.co/ncSAyINbTa"
@BBC,Wed Jun 06 17:59:25 +0000 2018,0.0,0.0,0.0,1.0,"RT @BBC: 74 years on from D-Day, these infrared photos show WW2 bunkers in new light. üì∑ 
https://t.co/Dn2XKQ5jtZ https://t.co/Rqm91pIfj4"
@BBC,Wed Jun 06 17:59:13 +0000 2018,-0.3981,0.069,0.139,0.792,RT @KatochPrakash: @Sanjeev40330782 @BBC Sure but the wily Brits are behind it because nothing can be aired without foreign office approval.
@BBC,Wed Jun 06 17:59:11 +0000 2018,-0.3612,0.053,0.174,0.773,"@GlynnHJ @OldDopePeddler @craighannaway @WilliamPMack @BBC Glynn, no matter how hard you paddle, denial is still not a river in Egypt."
@BBC,Wed Jun 06 17:59:07 +0000 2018,0.8271,0.49,0.0,0.51,@Russellcrowuk @thismorning @BBC @DailyMailUK @russellcrowe Happy birthday gorgeous Russell xxx
@BBC,Wed Jun 06 17:58:54 +0000 2018,0.0,0.185,0.148,0.667,"RT @TomLondon6: If a newspaper editor supported a clearly racist election campaign, you would think @BBC would not give them a job let alon‚Ä¶"
@BBC,Wed Jun 06 17:58:45 +0000 2018,0.0,0.0,0.0,1.0,"RT @BBC: This incredible cafe is run by teenagers with autism. ‚òïÔ∏èüç∞ü•™

https://t.co/D6HJgLYXxa"
@BBC,Wed Jun 06 17:58:27 +0000 2018,-0.4767,0.0,0.124,0.876,RT @bryanmjohnson: Sad to see @BBC Maida Vale Studios closing. üôÅ Studio 4 is one of my favourite studios to record in. Recorded a John Peel‚Ä¶
@BBC,Wed Jun 06 17:58:17 +0000 2018,0.0,0.185,0.148,0.667,"RT @TomLondon6: If a newspaper editor supported a clearly racist election campaign, you would think @BBC would not give them a job let alon‚Ä¶"
@BBC,Wed Jun 06 17:58:15 +0000 2018,-0.2023,0.08,0.122,0.798,RT @judithnwana: #Cameroon Muyuka Legal Department burnt down. World's idly silently watching #SouthernCameroons conflict unfold into #Rwan‚Ä¶
@BBC,Wed Jun 06 17:58:10 +0000 2018,0.0,0.121,0.121,0.759,RT @Bubblejet: Campaign Against #Antisemitism's surveys show there's a much smaller problem in #Labour than the #Tory Party AND #LabourAnti‚Ä¶
@BBC,Wed Jun 06 17:57:51 +0000 2018,0.0,0.0,0.0,1.0,"@lancastrian14 @sphenefan @WilliamPMack @BBC @BBCNews @daily_politics @BBCPolitics @bbclaurak @jeremycorbyn Lanc, y‚Ä¶ https://t.co/FnMmj3g0yi"
@BBC,Wed Jun 06 17:57:48 +0000 2018,0.5315,0.326,0.164,0.51,"Dear @BBC, don't pretend like you didn't miss the #GDPR deadline by using a future tense. As a trustworthy news sou‚Ä¶ https://t.co/R26MKVl8If"
@BBC,Wed Jun 06 17:57:46 +0000 2018,0.0,0.0,0.0,1.0,@BBC6Music @BBC üíû https://t.co/iLnJ2Hiqh0
@BBC,Wed Jun 06 17:57:15 +0000 2018,-0.4404,0.0,0.266,0.734,Charles Horton is a bloody clown üòÇü§° @BBC @GNRailUK https://t.co/z90GbU5PoJ
@BBC,Wed Jun 06 17:57:01 +0000 2018,0.0,0.0,0.0,1.0,"RT @BBC: This incredible cafe is run by teenagers with autism. ‚òïÔ∏èüç∞ü•™

https://t.co/D6HJgLYXxa"
@BBC,Wed Jun 06 17:56:56 +0000 2018,0.2732,0.11,0.0,0.89,RT @Nang07773569: Today marks 26 years since #Cameroon gov't committed #Crimesagainsthumanity in the #SouthernCameroons town of Ndu. People‚Ä¶
@BBC,Wed Jun 06 17:56:55 +0000 2018,0.3818,0.11,0.0,0.89,"RT @WilliamPMack: Dear @BBC  

How have you managed to run 224 articles on alleged antisemitism in Labour, yet only 4 articles on islamopho‚Ä¶"
@BBC,Wed Jun 06 17:56:37 +0000 2018,0.3818,0.11,0.0,0.89,"RT @WilliamPMack: Dear @BBC  

How have you managed to run 224 articles on alleged antisemitism in Labour, yet only 4 articles on islamopho‚Ä¶"
@BBC,Wed Jun 06 17:56:08 +0000 2018,0.0,0.0,0.0,1.0,"RT @BBC: This incredible cafe is run by teenagers with autism. ‚òïÔ∏èüç∞ü•™

https://t.co/D6HJgLYXxa"
@BBC,Wed Jun 06 17:55:27 +0000 2018,0.0,0.185,0.148,0.667,"RT @TomLondon6: If a newspaper editor supported a clearly racist election campaign, you would think @BBC would not give them a job let alon‚Ä¶"
@BBC,Wed Jun 06 17:55:08 +0000 2018,0.0,0.0,0.0,1.0,"RT @MddMacron: #D√©barquementNormandie
6 juin 1944 @BBC #BBC 
¬´Les sanglots longs des violons de l'automne ¬ª un vers de Verlaine qui sonne l‚Ä¶"
@BBC,Wed Jun 06 17:54:51 +0000 2018,0.0,0.0,0.0,1.0,RT @DealingWithEvil: @drgopijvs @BJP4India @PMOIndia @HMOIndia @UNHumanRights @AskAnshul @narendramodi @Monkfights @TheHaryanavi @patrika W‚Ä¶
@BBC,Wed Jun 06 17:54:45 +0000 2018,0.0,0.0,0.0,1.0,"RT @BBC: This incredible cafe is run by teenagers with autism. ‚òïÔ∏èüç∞ü•™

https://t.co/D6HJgLYXxa"
@BBC,Wed Jun 06 17:54:43 +0000 2018,0.0,0.0,0.0,1.0,"RT @BBC: This incredible cafe is run by teenagers with autism. ‚òïÔ∏èüç∞ü•™

https://t.co/D6HJgLYXxa"
@BBC,Wed Jun 06 17:54:35 +0000 2018,-0.4767,0.0,0.279,0.721,". Shame on @MyNameArundhati
Expected of @BBC #FakeNewsMedia #1 https://t.co/kBw6Wp8qhg"
@BBC,Wed Jun 06 17:54:34 +0000 2018,0.0,0.0,0.0,1.0,RT @4Misused: #Time2Change @narendramodi @Manekagandhibjp @__mynf @NThadur @498anlr @mehratweets @ShadesOfKnife @Gameof498A @INCIndia @AamA‚Ä¶
@BBC,Wed Jun 06 17:54:26 +0000 2018,0.0,0.0,0.0,1.0,"RT @BBC: This incredible cafe is run by teenagers with autism. ‚òïÔ∏èüç∞ü•™

https://t.co/D6HJgLYXxa"
@BBC,Wed Jun 06 17:54:10 +0000 2018,0.6662,0.182,0.0,0.818,"RT @BBCSchoolReport: On half-term with loads of great story ideas? Got suggestions for potential reports of future @BBC features? 

We want‚Ä¶"
@BBC,Wed Jun 06 17:54:07 +0000 2018,0.2732,0.162,0.115,0.723,"RT @BBC: When Mona began to lose her sight, her 84-year-old husband did something amazing for her... üíÖüíÑ‚ù§Ô∏èÔ∏è

https://t.co/Qle1eoBU5x"
@BBC,Wed Jun 06 17:53:58 +0000 2018,0.0,0.0,0.0,1.0,RT @bobbyhope123: @SimonGosden @TheWickedChild @nickmon1112 @RebeccaOram1 @vivienmiss @Aitchweb @danyulgardner @Lin46222208 @ElContador2000‚Ä¶
@BBC,Wed Jun 06 17:53:51 +0000 2018,0.0,0.0,0.0,1.0,"RT @BBC: It's time to think about our plastic behaviour.
#WorldEnvironmentDay https://t.co/kSzSawpYLv"
@BBC,Wed Jun 06 17:53:42 +0000 2018,0.0,0.185,0.148,0.667,"RT @TomLondon6: If a newspaper editor supported a clearly racist election campaign, you would think @BBC would not give them a job let alon‚Ä¶"
@BBC,Wed Jun 06 17:53:39 +0000 2018,0.0,0.0,0.0,1.0,"RT @BBC: This incredible cafe is run by teenagers with autism. ‚òïÔ∏èüç∞ü•™

https://t.co/D6HJgLYXxa"
@BBC,Wed Jun 06 17:53:31 +0000 2018,0.0,0.0,0.0,1.0,"RT @BBC: This incredible cafe is run by teenagers with autism. ‚òïÔ∏èüç∞ü•™

https://t.co/D6HJgLYXxa"
@BBC,Wed Jun 06 17:53:25 +0000 2018,0.0,0.0,0.0,1.0,"RT @BBC: This incredible cafe is run by teenagers with autism. ‚òïÔ∏èüç∞ü•™

https://t.co/D6HJgLYXxa"
@BBC,Wed Jun 06 17:53:09 +0000 2018,0.3818,0.11,0.0,0.89,"RT @WilliamPMack: Dear @BBC  

How have you managed to run 224 articles on alleged antisemitism in Labour, yet only 4 articles on islamopho‚Ä¶"
@BBC,Wed Jun 06 17:53:04 +0000 2018,0.0,0.0,0.0,1.0,"RT @BBC: This incredible cafe is run by teenagers with autism. ‚òïÔ∏èüç∞ü•™

https://t.co/D6HJgLYXxa"
@BBC,Wed Jun 06 17:52:58 +0000 2018,0.3818,0.11,0.0,0.89,"RT @WilliamPMack: Dear @BBC  

How have you managed to run 224 articles on alleged antisemitism in Labour, yet only 4 articles on islamopho‚Ä¶"
@BBC,Wed Jun 06 17:52:38 +0000 2018,-0.7003,0.0,0.242,0.758,@bbcworldservice Not raping people is not a ‚Äúcultural code‚Äù. This is Olympic-level bollocks even by @BBC standards.
@BBC,Wed Jun 06 17:52:32 +0000 2018,0.0,0.0,0.0,1.0,RT @SriRudyBABA: #CrimeByAblaNari @Manekagandhibjp @NThadur @mynationfra @beta_bachao @498anlr @Keyadas63 @mehratweets @mishthi4u @Milkyway‚Ä¶
@BBC,Wed Jun 06 17:52:27 +0000 2018,0.0,0.0,0.0,1.0,"RT @BBC: This incredible cafe is run by teenagers with autism. ‚òïÔ∏èüç∞ü•™

https://t.co/D6HJgLYXxa"
@BBC,Wed Jun 06 17:52:26 +0000 2018,-0.4019,0.0,0.124,0.876,"RT @BBC: 'The problem with plastic is that it never goes away. It doesn't decompose. It defies nature.' 
#WorldEnvironmentDay https://t.co/‚Ä¶"
@BBC,Wed Jun 06 17:52:17 +0000 2018,-0.5994,0.0,0.151,0.849,"@BBC That‚Äôs disgust me, it should discuss you,  why they can not recycle this? Or why they can‚Äôt use this as a ener‚Ä¶ https://t.co/9PuKk12xPh"
@BBC,Wed Jun 06 17:52:14 +0000 2018,0.0,0.0,0.0,1.0,"RT @BBC: It's time to think about our plastic behaviour.
#WorldEnvironmentDay https://t.co/kSzSawpYLv"
@BBC,Wed Jun 06 17:52:14 +0000 2018,0.0,0.0,0.0,1.0,@SimonGosden @TheWickedChild @nickmon1112 @RebeccaOram1 @vivienmiss @Aitchweb @danyulgardner @Lin46222208‚Ä¶ https://t.co/TgB2drqOq9
@BBC,Wed Jun 06 17:51:17 +0000 2018,0.0,0.0,0.0,1.0,"RT @BBC: It's time to think about our plastic behaviour.
#WorldEnvironmentDay https://t.co/kSzSawpYLv"
@BBC,Wed Jun 06 17:51:15 +0000 2018,0.4019,0.105,0.0,0.895,RT @bhamlaw: Are you interested in undertaking an AHRC (@ahrcpress) funded PhD on the use of #AI in the media industry? @unibirmingham in p‚Ä¶
@BBC,Wed Jun 06 17:51:07 +0000 2018,0.0,0.0,0.0,1.0,@CNN @BBC @thetimes @lemonde_fr @ZDF @DLF @telegraaf @SZ @RTLde @DIEZEIT @ARD_Presse @faznet @sanchezcastejon‚Ä¶ https://t.co/Q49oo0olvG
@BBC,Wed Jun 06 17:51:03 +0000 2018,0.3818,0.11,0.0,0.89,"RT @WilliamPMack: Dear @BBC  

How have you managed to run 224 articles on alleged antisemitism in Labour, yet only 4 articles on islamopho‚Ä¶"
@BBC,Wed Jun 06 17:50:54 +0000 2018,0.7022,0.237,0.0,0.763,RT @WinstonsBack: 1/ So people do we have a plan on 23rd June to ensure the @BBC cannot ignore the #PeoplesVoteMarch? They will ignore it i‚Ä¶
@BBC,Wed Jun 06 17:50:12 +0000 2018,0.836,0.452,0.0,0.548,"RT @paulkelly70041: @DailyMailUK @MailOnline friends @BBC followers , please read sign share endorse follow circulate RT https://t.co/JpGY3‚Ä¶"
@BBC,Wed Jun 06 17:49:41 +0000 2018,0.0,0.0,0.0,1.0,"RT @BBC: It's time to think about our plastic behaviour.
#WorldEnvironmentDay https://t.co/kSzSawpYLv"
@BBC,Wed Jun 06 17:48:21 +0000 2018,0.3818,0.11,0.0,0.89,"RT @WilliamPMack: Dear @BBC  

How have you managed to run 224 articles on alleged antisemitism in Labour, yet only 4 articles on islamopho‚Ä¶"
@CBS,Wed Jun 06 18:07:43 +0000 2018,0.7783,0.264,0.0,0.736,"RT @DouglasHespelt: @pattysartwork @catharinemcphe5 @CBS I haven't heard the Norwegian song you mean, but I'm sure if you say it's good, it‚Ä¶"
@CBS,Wed Jun 06 18:07:40 +0000 2018,0.0,0.0,0.0,1.0,RT @jenns018: @DanaScorpion @DouglasHespelt @pasbonca @jenjen68025 @CBSTVStudios @festivaltvmc @EurodataTV @MacGyverCBS @ScorpionCBS @NCIS_‚Ä¶
@CBS,Wed Jun 06 18:07:39 +0000 2018,0.0,0.0,0.0,1.0,@Netflix @hulu @FreeformTV @CBS @NBC @ABCNetwork @Syfy @Foxtv #SaveShadowhunters
@CBS,Wed Jun 06 18:07:34 +0000 2018,0.6369,0.259,0.0,0.741,"I love you Malec. #SaveShadowhunters #PickUpShadowhunters @netflix @hulu @foxtv @abcnetwork @cbs @mtv 

@FreeformTV‚Ä¶ https://t.co/VSbiqCHbks"
@CBS,Wed Jun 06 18:07:34 +0000 2018,0.6369,0.259,0.0,0.741,"I love you Malec. #SaveShadowhunters #PickUpShadowhunters @netflix @hulu @foxtv @abcnetwork @cbs @mtv 

@FreeformTV‚Ä¶ https://t.co/QbskDbHp5Q"
@CBS,Wed Jun 06 18:07:28 +0000 2018,0.3091,0.121,0.07,0.808,RT @pjstevens0101: @pattysartwork @CBS @ScorpionCBS My favorite genius is Walter. He was written so serious in the first 2 seasons and so i‚Ä¶
@CBS,Wed Jun 06 18:07:23 +0000 2018,0.9147,0.409,0.0,0.591,RT @Sabrina_Fogel: PLEASE PICK UP Shadowhunters !!! AMAZING GROUNDBREAKING SHOW WITH A HUGE FANBASE! WE HAVE TRENDED AS # 1 ON TWITTER WITH‚Ä¶
@CBS,Wed Jun 06 18:07:15 +0000 2018,-0.7003,0.0,0.279,0.721,@OurRevolution ‚ÄúIncome inequality has grown at an alarming rate with devastating effects...‚Äùwe must make it easier‚Ä¶ https://t.co/PIW04NiIGm
@CBS,Wed Jun 06 18:07:12 +0000 2018,0.0,0.0,0.0,1.0,@SenateDems @SenateGOP @SenSchumer @abc @cbs @nbc @fox Hey chuckie this is happening on your watch. Still waiting t‚Ä¶ https://t.co/rzWYHYSXvQ
@CBS,Wed Jun 06 18:07:04 +0000 2018,0.0,0.0,0.0,1.0,RT @realBethNeale: @realDonaldTrump @seanhannity HEY! @espn @ABC @CBS @NBCNews @CNN @MSNBC @TheView @nytimes @NYDailyNews @Eagles @Philadel‚Ä¶
@CBS,Wed Jun 06 18:06:53 +0000 2018,0.7351,0.267,0.0,0.733,"RT @TheTonyAwards: Special Tony Award recipient, @springsteen will make a rare television appearance as he performs at the 2018 #TonyAwards‚Ä¶"
@CBS,Wed Jun 06 18:06:47 +0000 2018,0.4404,0.209,0.0,0.791,They deserve better. #SaveShadowhunters #PickUpShadowhunters @netflix @hulu @foxtv @abcnetwork @cbs @mtv‚Ä¶ https://t.co/R67cdzu87a
@CBS,Wed Jun 06 18:06:47 +0000 2018,0.4404,0.209,0.0,0.791,They deserve better. #SaveShadowhunters #PickUpShadowhunters @netflix @hulu @foxtv @abcnetwork @cbs @mtv‚Ä¶ https://t.co/jyuGxKbNTA
@CBS,Wed Jun 06 18:06:28 +0000 2018,0.0,0.0,0.0,1.0,@TLuke06 @CNN @nbc @CBS @MSNBC @FoxNews @SpeakerRyan @SenateMajLdr @SenFeinstein @NancyPelosi @SenSchumer‚Ä¶ https://t.co/H80VaQiILI
@CBS,Wed Jun 06 18:05:46 +0000 2018,-0.5574,0.068,0.212,0.72,"@CBS I was excited to watch Scorpion but u cancelled it, so..thanks for that. You guys have no concept of what view‚Ä¶ https://t.co/kUZ8HPfILl"
@CBS,Wed Jun 06 18:05:33 +0000 2018,0.9147,0.409,0.0,0.591,RT @Sabrina_Fogel: PLEASE PICK UP Shadowhunters !!! AMAZING GROUNDBREAKING SHOW WITH A HUGE FANBASE! WE HAVE TRENDED AS # 1 ON TWITTER WITH‚Ä¶
@CBS,Wed Jun 06 18:05:21 +0000 2018,0.0,0.0,0.0,1.0,@TheTonyAwards @springsteen @CBS @derekmclane @Paulhaider74 üëÄüé∂
@CBS,Wed Jun 06 18:05:15 +0000 2018,0.9147,0.409,0.0,0.591,RT @Sabrina_Fogel: PLEASE PICK UP Shadowhunters !!! AMAZING GROUNDBREAKING SHOW WITH A HUGE FANBASE! WE HAVE TRENDED AS # 1 ON TWITTER WITH‚Ä¶
@CBS,Wed Jun 06 18:05:14 +0000 2018,0.0,0.0,0.0,1.0,@CNN @NBC @CBS @MSNBC @FoxNews @SpeakerRyan @SenateMajLdr  @SenFeinstein @NancyPelosi @SenSchumer  @ChuckGrassley w‚Ä¶ https://t.co/T0jNiEW5d4
@CBS,Wed Jun 06 18:05:08 +0000 2018,0.9147,0.409,0.0,0.591,RT @Sabrina_Fogel: PLEASE PICK UP Shadowhunters !!! AMAZING GROUNDBREAKING SHOW WITH A HUGE FANBASE! WE HAVE TRENDED AS # 1 ON TWITTER WITH‚Ä¶
@CBS,Wed Jun 06 18:04:59 +0000 2018,0.9147,0.409,0.0,0.591,RT @Sabrina_Fogel: PLEASE PICK UP Shadowhunters !!! AMAZING GROUNDBREAKING SHOW WITH A HUGE FANBASE! WE HAVE TRENDED AS # 1 ON TWITTER WITH‚Ä¶
@CBS,Wed Jun 06 18:04:47 +0000 2018,0.0,0.0,0.0,1.0,"RT @OfficialBPeters: Presenting at @TheTonyAwards on @CBS June 10, 2018. ‚ù§Ô∏è https://t.co/qMFCX7iEIV"
@CBS,Wed Jun 06 18:04:43 +0000 2018,0.9147,0.409,0.0,0.591,RT @Sabrina_Fogel: PLEASE PICK UP Shadowhunters !!! AMAZING GROUNDBREAKING SHOW WITH A HUGE FANBASE! WE HAVE TRENDED AS # 1 ON TWITTER WITH‚Ä¶
@CBS,Wed Jun 06 18:04:29 +0000 2018,0.7351,0.267,0.0,0.733,"RT @TheTonyAwards: Special Tony Award recipient, @springsteen will make a rare television appearance as he performs at the 2018 #TonyAwards‚Ä¶"
@CBS,Wed Jun 06 18:04:10 +0000 2018,0.3802,0.178,0.0,0.822,"RT @GothamColombia: . @FOXTV #GiveGotham22Episodes in season 5, please! #GiveGotham22 #GothamDeservesBetter @warnerbrostv #Gotham deserves‚Ä¶"
@CBS,Wed Jun 06 18:02:55 +0000 2018,-0.0258,0.055,0.059,0.886,@CBS do you guys even pay attention to your audiences...we keep your studios running by tuning in. All we want is c‚Ä¶ https://t.co/01cwGF7YX7
@CBS,Wed Jun 06 18:02:14 +0000 2018,0.7351,0.267,0.0,0.733,"RT @TheTonyAwards: Special Tony Award recipient, @springsteen will make a rare television appearance as he performs at the 2018 #TonyAwards‚Ä¶"
@CBS,Wed Jun 06 18:02:12 +0000 2018,0.7783,0.264,0.0,0.736,"RT @DouglasHespelt: @pattysartwork @catharinemcphe5 @CBS I haven't heard the Norwegian song you mean, but I'm sure if you say it's good, it‚Ä¶"
@CBS,Wed Jun 06 18:02:10 +0000 2018,0.9147,0.409,0.0,0.591,RT @Sabrina_Fogel: PLEASE PICK UP Shadowhunters !!! AMAZING GROUNDBREAKING SHOW WITH A HUGE FANBASE! WE HAVE TRENDED AS # 1 ON TWITTER WITH‚Ä¶
@CBS,Wed Jun 06 18:02:07 +0000 2018,0.7351,0.267,0.0,0.733,"RT @TheTonyAwards: Special Tony Award recipient, @springsteen will make a rare television appearance as he performs at the 2018 #TonyAwards‚Ä¶"
@CBS,Wed Jun 06 18:01:41 +0000 2018,0.0,0.0,0.0,1.0,"@BandB_CBS 
THIS IS for,, THE #QUESTIONS,
That will  have to #Wait,
 #FOR an #ANSWER..

#Hope Is #LOSt 
and‚Ä¶ https://t.co/hCTpTGhLMX"
@CBS,Wed Jun 06 18:01:25 +0000 2018,0.296,0.145,0.0,0.855,"RT @lights_above: @sliderwave @MattMira @CBS Yeah, #AfterTrek is part of what I'm paying for."
@CBS,Wed Jun 06 18:01:19 +0000 2018,-0.6705,0.0,0.379,0.621,"Criminal Charges against @DrPhilRoe (R-TN)
https://t.co/k3AAx88Zx8
@PressSec @WJHL11 @realDonaldTrump @POTUS‚Ä¶ https://t.co/IaJ0FYKdQ0"
@CBS,Wed Jun 06 18:01:10 +0000 2018,0.0,0.0,0.0,1.0,JUNE06/18-NEW #TV &gt;8:00P- @NBC #AmericanNinjaWarrior &gt; @FOXTV #MasterChef &gt;10:00P- @CBS #CodeBlack &gt; @FOXTV #Reverie
@CBS,Wed Jun 06 18:00:30 +0000 2018,0.7182,0.292,0.065,0.644,"RT @pattysartwork: @pasbonca @DouglasHespelt @catharinemcphe5 @CBS Haha, well I am not a good singer too, but my friends and I did it for a‚Ä¶"
@CBS,Wed Jun 06 18:00:10 +0000 2018,0.4497,0.141,0.0,0.859,"@pattysartwork @catharinemcphe5 @CBS I haven't heard the Norwegian song you mean, but I'm sure if you say it's good‚Ä¶ https://t.co/ygrHujMM2O"
@CBS,Wed Jun 06 17:59:34 +0000 2018,0.5255,0.212,0.101,0.686,RT @ROCKONOHIO: The Philadelphia #Eagles &amp; the entire #NFL should hold their heads down in shame! They are taking for granted the freedom t‚Ä¶
@CBS,Wed Jun 06 17:59:32 +0000 2018,0.7351,0.267,0.0,0.733,"RT @TheTonyAwards: Special Tony Award recipient, @springsteen will make a rare television appearance as he performs at the 2018 #TonyAwards‚Ä¶"
@CBS,Wed Jun 06 17:59:11 +0000 2018,0.7351,0.267,0.0,0.733,"RT @TheTonyAwards: Special Tony Award recipient, @springsteen will make a rare television appearance as he performs at the 2018 #TonyAwards‚Ä¶"
@CBS,Wed Jun 06 17:59:10 +0000 2018,0.7351,0.267,0.0,0.733,"RT @TheTonyAwards: Special Tony Award recipient, @springsteen will make a rare television appearance as he performs at the 2018 #TonyAwards‚Ä¶"
@CBS,Wed Jun 06 17:58:50 +0000 2018,0.0,0.0,0.0,1.0,RT @DanaScorpion: @DouglasHespelt @pasbonca @jenjen68025 @CBSTVStudios @festivaltvmc @EurodataTV @MacGyverCBS @ScorpionCBS @NCIS_CBS @CBS T‚Ä¶
@CBS,Wed Jun 06 17:58:42 +0000 2018,0.1779,0.086,0.0,0.914,RT @pattysartwork: @DouglasHespelt @catharinemcphe5 I thought that this Norwegian song would give us the spirit to tweet for a proper endin‚Ä¶
@CBS,Wed Jun 06 17:58:40 +0000 2018,0.9147,0.409,0.0,0.591,RT @Sabrina_Fogel: PLEASE PICK UP Shadowhunters !!! AMAZING GROUNDBREAKING SHOW WITH A HUGE FANBASE! WE HAVE TRENDED AS # 1 ON TWITTER WITH‚Ä¶
@CBS,Wed Jun 06 17:58:04 +0000 2018,0.8225,0.322,0.0,0.678,"@TheTonyAwards @springsteen @CBS I kid you not...I was listening to ""My Beautiful Reward"" on my computer when I cam‚Ä¶ https://t.co/2KOhtsARch"
@CBS,Wed Jun 06 17:58:03 +0000 2018,0.7351,0.267,0.0,0.733,"RT @TheTonyAwards: Special Tony Award recipient, @springsteen will make a rare television appearance as he performs at the 2018 #TonyAwards‚Ä¶"
@CBS,Wed Jun 06 17:57:50 +0000 2018,0.7351,0.267,0.0,0.733,"RT @TheTonyAwards: Special Tony Award recipient, @springsteen will make a rare television appearance as he performs at the 2018 #TonyAwards‚Ä¶"
@CBS,Wed Jun 06 17:57:19 +0000 2018,0.9147,0.409,0.0,0.591,RT @Sabrina_Fogel: PLEASE PICK UP Shadowhunters !!! AMAZING GROUNDBREAKING SHOW WITH A HUGE FANBASE! WE HAVE TRENDED AS # 1 ON TWITTER WITH‚Ä¶
@CBS,Wed Jun 06 17:56:43 +0000 2018,0.0,0.0,0.0,1.0,"@ABC @CBS @NBC @CNN @msnbc @maddow @cspan @NewsHour @nprpolitics
Today is D-Day Anniversary.  Not one tweet from th‚Ä¶ https://t.co/epTgMVvMHz"
@CBS,Wed Jun 06 17:56:39 +0000 2018,0.2539,0.081,0.0,0.919,"RT @IWillRedPillU: You already know The Goldwater is going to report this
This is HUGE-
Local media outlets are covering it but they're bei‚Ä¶"
@CBS,Wed Jun 06 17:56:29 +0000 2018,0.7351,0.267,0.0,0.733,"RT @TheTonyAwards: Special Tony Award recipient, @springsteen will make a rare television appearance as he performs at the 2018 #TonyAwards‚Ä¶"
@CBS,Wed Jun 06 17:56:27 +0000 2018,-0.3421,0.075,0.171,0.754,"RT @Miranda21daisy: Freeform wanted there to be fewer episodes of Shadowhunters for no real reason, Netflix didn't like that, and that's wh‚Ä¶"
@CBS,Wed Jun 06 17:56:22 +0000 2018,0.7351,0.267,0.0,0.733,"RT @TheTonyAwards: Special Tony Award recipient, @springsteen will make a rare television appearance as he performs at the 2018 #TonyAwards‚Ä¶"
@CBS,Wed Jun 06 17:56:04 +0000 2018,0.9147,0.409,0.0,0.591,RT @Sabrina_Fogel: PLEASE PICK UP Shadowhunters !!! AMAZING GROUNDBREAKING SHOW WITH A HUGE FANBASE! WE HAVE TRENDED AS # 1 ON TWITTER WITH‚Ä¶
@CBS,Wed Jun 06 17:55:51 +0000 2018,0.7351,0.267,0.0,0.733,"RT @TheTonyAwards: Special Tony Award recipient, @springsteen will make a rare television appearance as he performs at the 2018 #TonyAwards‚Ä¶"
@CBS,Wed Jun 06 17:55:17 +0000 2018,0.0,0.0,0.0,1.0,@realBethNeale @calidhd @realDonaldTrump @seanhannity @espn @ABC @CBS @NBCNews @CNN @MSNBC @TheView @nytimes‚Ä¶ https://t.co/yfM3Yudw4w
@CBS,Wed Jun 06 17:55:07 +0000 2018,0.9147,0.409,0.0,0.591,RT @Sabrina_Fogel: PLEASE PICK UP Shadowhunters !!! AMAZING GROUNDBREAKING SHOW WITH A HUGE FANBASE! WE HAVE TRENDED AS # 1 ON TWITTER WITH‚Ä¶
@CBS,Wed Jun 06 17:55:06 +0000 2018,0.7182,0.329,0.073,0.598,"@pasbonca @DouglasHespelt @catharinemcphe5 @CBS Haha, well I am not a good singer too, but my friends and I did it‚Ä¶ https://t.co/X512zXaz5r"
@CBS,Wed Jun 06 17:55:03 +0000 2018,0.7351,0.267,0.0,0.733,"RT @TheTonyAwards: Special Tony Award recipient, @springsteen will make a rare television appearance as he performs at the 2018 #TonyAwards‚Ä¶"
@CBS,Wed Jun 06 17:54:58 +0000 2018,0.9147,0.44,0.0,0.56,PLEASE PICK UP Shadowhunters !!! AMAZING GROUNDBREAKING SHOW WITH A HUGE FANBASE! WE HAVE TRENDED AS # 1 ON TWITTER‚Ä¶ https://t.co/rWf0pbFOYE
@CBS,Wed Jun 06 17:54:58 +0000 2018,0.3595,0.128,0.0,0.872,"RT @CBSThisMorning: .@SaraBareilles and @joshgroban are hosting this Sunday's @TheTonyAwards on @CBS! 

Wednesday, they'll join us LIVE on‚Ä¶"
@CBS,Wed Jun 06 17:54:57 +0000 2018,0.7351,0.267,0.0,0.733,"RT @TheTonyAwards: Special Tony Award recipient, @springsteen will make a rare television appearance as he performs at the 2018 #TonyAwards‚Ä¶"
@CBS,Wed Jun 06 17:54:27 +0000 2018,0.0,0.0,0.0,1.0,"RT @OfficialBPeters: Presenting at @TheTonyAwards on @CBS June 10, 2018. ‚ù§Ô∏è https://t.co/qMFCX7iEIV"
@CBS,Wed Jun 06 17:54:10 +0000 2018,0.0,0.0,0.0,1.0,RT @Scorpionfanhun: @DanaScorpion @DouglasHespelt @pasbonca @jenjen68025 @CBSTVStudios @festivaltvmc @EurodataTV @MacGyverCBS @ScorpionCBS‚Ä¶
@CBS,Wed Jun 06 17:53:55 +0000 2018,0.9147,0.409,0.0,0.591,RT @Sabrina_Fogel: PLEASE PICK UP Shadowhunters !!! AMAZING GROUNDBREAKING SHOW WITH A HUGE FANBASE! WE HAVE TRENDED AS # 1 ON TWITTER WITH‚Ä¶
@CBS,Wed Jun 06 17:53:50 +0000 2018,0.1779,0.086,0.0,0.914,RT @pattysartwork: @DouglasHespelt @catharinemcphe5 I thought that this Norwegian song would give us the spirit to tweet for a proper endin‚Ä¶
@CBS,Wed Jun 06 17:53:44 +0000 2018,0.9147,0.409,0.0,0.591,RT @Sabrina_Fogel: PLEASE PICK UP Shadowhunters !!! AMAZING GROUNDBREAKING SHOW WITH A HUGE FANBASE! WE HAVE TRENDED AS # 1 ON TWITTER WITH‚Ä¶
@CBS,Wed Jun 06 17:53:14 +0000 2018,0.9147,0.44,0.0,0.56,PLEASE PICK UP Shadowhunters !!! AMAZING GROUNDBREAKING SHOW WITH A HUGE FANBASE! WE HAVE TRENDED AS # 1 ON TWITTER‚Ä¶ https://t.co/sj9GLQpcM4
@CBS,Wed Jun 06 17:53:14 +0000 2018,-0.3421,0.075,0.171,0.754,"RT @Miranda21daisy: Freeform wanted there to be fewer episodes of Shadowhunters for no real reason, Netflix didn't like that, and that's wh‚Ä¶"
@CBS,Wed Jun 06 17:53:07 +0000 2018,0.7351,0.267,0.0,0.733,"RT @TheTonyAwards: Special Tony Award recipient, @springsteen will make a rare television appearance as he performs at the 2018 #TonyAwards‚Ä¶"
@CBS,Wed Jun 06 17:53:05 +0000 2018,-0.3421,0.075,0.171,0.754,"RT @Miranda21daisy: Freeform wanted there to be fewer episodes of Shadowhunters for no real reason, Netflix didn't like that, and that's wh‚Ä¶"
@CBS,Wed Jun 06 17:52:55 +0000 2018,0.9147,0.409,0.0,0.591,RT @Sabrina_Fogel: PLEASE PICK UP Shadowhunters !!! AMAZING GROUNDBREAKING SHOW WITH A HUGE FANBASE! WE HAVE TRENDED AS # 1 ON TWITTER WITH‚Ä¶
@CBS,Wed Jun 06 17:51:50 +0000 2018,0.0,0.0,0.0,1.0,"RT @PTrikru: #Lexa &amp; #Clexa are real representation. We need her/them back in a #LexaSpinoff 

@warnerbrostv @CBS @hulu @NetflixLifee @Show‚Ä¶"
@CBS,Wed Jun 06 17:51:37 +0000 2018,-0.5563,0.078,0.233,0.69,Really disappointed that #AfterTrek got cancelled by @CBS. The interaction between @MattMira and the @startrekcbs cast was top notch.
@CBS,Wed Jun 06 17:51:35 +0000 2018,0.9147,0.409,0.0,0.591,RT @Sabrina_Fogel: PLEASE PICK UP Shadowhunters !!! AMAZING GROUNDBREAKING SHOW WITH A HUGE FANBASE! WE HAVE TRENDED AS # 1 ON TWITTER WITH‚Ä¶
@CBS,Wed Jun 06 17:51:01 +0000 2018,0.7351,0.267,0.0,0.733,"RT @TheTonyAwards: Special Tony Award recipient, @springsteen will make a rare television appearance as he performs at the 2018 #TonyAwards‚Ä¶"
@CBS,Wed Jun 06 17:50:52 +0000 2018,0.6105,0.244,0.087,0.67,"RT @DouglasHespelt: @tomcrown1 @CBS @elementary Yes they do! Why no syndication, as very good numbers on DVR and overseas? #SaveScorpion"
@CBS,Wed Jun 06 17:50:41 +0000 2018,-0.3421,0.075,0.171,0.754,"RT @Miranda21daisy: Freeform wanted there to be fewer episodes of Shadowhunters for no real reason, Netflix didn't like that, and that's wh‚Ä¶"
@CBS,Wed Jun 06 17:50:39 +0000 2018,-0.4019,0.0,0.144,0.856,RT @BaniMonica: @HeleenScorpion @CBSTVStudios @CBS @CBSTVStudios this announcement is confirmation that erasing scorpion was an error. Fix‚Ä¶
@CBS,Wed Jun 06 17:50:38 +0000 2018,0.9147,0.409,0.0,0.591,RT @Sabrina_Fogel: PLEASE PICK UP Shadowhunters !!! AMAZING GROUNDBREAKING SHOW WITH A HUGE FANBASE! WE HAVE TRENDED AS # 1 ON TWITTER WITH‚Ä¶
@CBS,Wed Jun 06 17:50:28 +0000 2018,-0.5367,0.0,0.19,0.81,"so #Scorpion was cancelled by @CBS, yet another series that ended on a cliff hanger that will get no resolution, so‚Ä¶ https://t.co/KBoLSwBWTp"
@CBS,Wed Jun 06 17:50:21 +0000 2018,0.7351,0.267,0.0,0.733,"RT @TheTonyAwards: Special Tony Award recipient, @springsteen will make a rare television appearance as he performs at the 2018 #TonyAwards‚Ä¶"
@CBS,Wed Jun 06 17:50:19 +0000 2018,-0.3421,0.075,0.171,0.754,"RT @Miranda21daisy: Freeform wanted there to be fewer episodes of Shadowhunters for no real reason, Netflix didn't like that, and that's wh‚Ä¶"
@CBS,Wed Jun 06 17:50:17 +0000 2018,-0.3421,0.075,0.171,0.754,"RT @Miranda21daisy: Freeform wanted there to be fewer episodes of Shadowhunters for no real reason, Netflix didn't like that, and that's wh‚Ä¶"
@CBS,Wed Jun 06 17:50:14 +0000 2018,-0.3421,0.075,0.171,0.754,"RT @Miranda21daisy: Freeform wanted there to be fewer episodes of Shadowhunters for no real reason, Netflix didn't like that, and that's wh‚Ä¶"
@CBS,Wed Jun 06 17:50:04 +0000 2018,0.5267,0.267,0.151,0.582,"RT @Diana_44Sava: @CBSTVStudios , @CBS , how many evidences you want to see you did a huge mistake ? You cancelled the greatest tv show @Sc‚Ä¶"
@CBS,Wed Jun 06 17:49:54 +0000 2018,0.0,0.0,0.0,1.0,"@ToddRadom IIRC, that was during the years when the #Yankees were owned by @CBS.
#CBS corporate ownership was histo‚Ä¶ https://t.co/Y72OQc9ffa"
@CBS,Wed Jun 06 17:49:52 +0000 2018,-0.5562,0.106,0.231,0.663,RT @whatzen: @POTUS @PressSec PLEASE PULL PRESS CREDENTIALS NOW! Average citizens R SICK of the RABID ANIMALS @CNN at least suspend them fo‚Ä¶
@CBS,Wed Jun 06 17:49:40 +0000 2018,-0.3421,0.082,0.186,0.732,"Freeform wanted there to be fewer episodes of Shadowhunters for no real reason, Netflix didn't like that, and that'‚Ä¶ https://t.co/t1OdOp15On"
@CBS,Wed Jun 06 17:49:30 +0000 2018,0.9147,0.409,0.0,0.591,RT @Sabrina_Fogel: PLEASE PICK UP Shadowhunters !!! AMAZING GROUNDBREAKING SHOW WITH A HUGE FANBASE! WE HAVE TRENDED AS # 1 ON TWITTER WITH‚Ä¶
@CBS,Wed Jun 06 17:49:20 +0000 2018,-0.6331,0.086,0.288,0.626,@CNN @ABC @CBS @msnbc YO!! @joenbc @morningmika yeah both you dipwads!!  Pay attention you lying freaks. Also to th‚Ä¶ https://t.co/baKDbvIhzu
@CBS,Wed Jun 06 17:48:43 +0000 2018,0.9147,0.409,0.0,0.591,RT @Sabrina_Fogel: PLEASE PICK UP Shadowhunters !!! AMAZING GROUNDBREAKING SHOW WITH A HUGE FANBASE! WE HAVE TRENDED AS # 1 ON TWITTER WITH‚Ä¶
@CBS,Wed Jun 06 17:48:28 +0000 2018,0.0,0.0,0.0,1.0,RT @jenns018: @DanaScorpion @DouglasHespelt @pasbonca @jenjen68025 @CBSTVStudios @festivaltvmc @EurodataTV @MacGyverCBS @ScorpionCBS @NCIS_‚Ä¶
@CBS,Wed Jun 06 17:48:10 +0000 2018,0.1779,0.096,0.0,0.904,@DouglasHespelt @catharinemcphe5 I thought that this Norwegian song would give us the spirit to tweet for a proper‚Ä¶ https://t.co/ny1EZDcNkP
@CBS,Wed Jun 06 17:48:04 +0000 2018,0.0,0.0,0.0,1.0,@colbertlateshow @CBS You Folks are Absolutely Disgusting!!!! https://t.co/Zrahnxf6Ll
@CBS,Wed Jun 06 17:47:59 +0000 2018,0.7351,0.267,0.0,0.733,"RT @TheTonyAwards: Special Tony Award recipient, @springsteen will make a rare television appearance as he performs at the 2018 #TonyAwards‚Ä¶"
@CBS,Wed Jun 06 17:47:51 +0000 2018,0.9147,0.44,0.0,0.56,PLEASE PICK UP Shadowhunters !!! AMAZING GROUNDBREAKING SHOW WITH A HUGE FANBASE! WE HAVE TRENDED AS # 1 ON TWITTER‚Ä¶ https://t.co/i2WN5nTtNA
@CBS,Wed Jun 06 17:46:02 +0000 2018,0.0,0.0,0.0,1.0,@proftheatre @WhiteHouse @PressSec @WJHL11 @realDonaldTrump @POTUS @Scavino45 @FoxNews @foxandfriends @CBS  https://t.co/qJwr9QrO9d
@CBS,Wed Jun 06 17:45:45 +0000 2018,0.0,0.0,0.0,1.0,"RT @OfficialBPeters: Presenting at @TheTonyAwards on @CBS June 10, 2018. ‚ù§Ô∏è https://t.co/qMFCX7iEIV"
@CBS,Wed Jun 06 17:45:06 +0000 2018,0.0,0.0,0.0,1.0,RT @AlwaysLouix: @Shadowh19052381 @MTV @TheCW @FOXTV @STARZ @HBO @nbc @CBS @ABCNetwork @hulu @netflix @BBCAMERICA @SYFY @FreeformTV I think‚Ä¶
@CBS,Wed Jun 06 17:44:54 +0000 2018,0.0,0.0,0.0,1.0,@proftheatre @WhiteHouse @PressSec @WJHL11 @realDonaldTrump @POTUS @Scavino45 @FoxNews @foxandfriends @CBS Mr Anony‚Ä¶ https://t.co/fJ7rJahXUg
@CNN,Wed Jun 06 18:07:59 +0000 2018,-0.1593,0.175,0.218,0.607,"RT @The_UnSilent_: Dear @CNN 

STOP PUTTING KELLYANNE CONWAY ON! 

Regards,

Everyone"
@CNN,Wed Jun 06 18:07:59 +0000 2018,0.0,0.0,0.0,1.0,"RT @buzzman888: üá∫üá∏üá∫üá∏ It's Time To Revoke @AprilDRyan's White House Press Credentials üá∫üá∏üá∫üá∏

*Tweets Out Non - Confirmed News as #BreakingNew‚Ä¶"
@CNN,Wed Jun 06 18:07:59 +0000 2018,0.0,0.0,0.0,1.0,RT @dthomicide: @lanesbpoop @LiberalDemIda @suspectfreed @smileyt22 @PWM62 @suekhi @MaggieDog01 @sss3fnm @SailingCarol @ikerepublican @Wire‚Ä¶
@CNN,Wed Jun 06 18:07:58 +0000 2018,0.0,0.0,0.0,1.0,@rlamartini @ThomasKlineMD @Shasta77777 @NefarusContrara @djwilliams35 @Brenda82964799 @F1_Rocket @03_jensen‚Ä¶ https://t.co/vCfXeN6tyA
@CNN,Wed Jun 06 18:07:58 +0000 2018,0.0,0.0,0.0,1.0,"RT @buzzman888: üá∫üá∏üá∫üá∏ It's Time To Revoke @AprilDRyan's White House Press Credentials üá∫üá∏üá∫üá∏

*Tweets Out Non - Confirmed News as #BreakingNew‚Ä¶"
@CNN,Wed Jun 06 18:07:58 +0000 2018,0.0,0.0,0.0,1.0,@mikepolkjr @Jim_Jordan @CNN @POTUS Donald #MagicWand Trump causes communists much angst... https://t.co/l1dNoyCTJF
@CNN,Wed Jun 06 18:07:57 +0000 2018,0.0,0.0,0.0,1.0,"RT @POLITICSandFUN: AN OPEN QUESTION TO MAINSTREAM MEDIA:

‚ÅâÔ∏è ‚ÄúWhere‚Äôs Your Outrage‚Äù ‚ÅâÔ∏è
 ‚ö†Ô∏èüö´‚ö†Ô∏èüö´‚ö†Ô∏èüö´‚ö†Ô∏èüö´‚ö†Ô∏èüö´‚ö†Ô∏è
.@CNN  .@MSNBC  
.@ABCWorldNews‚Ä¶"
@CNN,Wed Jun 06 18:07:57 +0000 2018,0.0772,0.058,0.0,0.942,RT @CNN: BREAKING: President Trump has commuted the life sentence of Alice Johnson following a White House meeting last week with Kim Karda‚Ä¶
@CNN,Wed Jun 06 18:07:57 +0000 2018,0.0,0.0,0.0,1.0,@ElSanchi @Jim_Jordan @CNN @POTUS Guess u haven't heard...those have nothing to do with your President and McCabe h‚Ä¶ https://t.co/RVPdw9gWc5
@CNN,Wed Jun 06 18:07:56 +0000 2018,0.0,0.0,0.0,1.0,RT @Jim_Jordan: Here's something that @CNN won't tell you: @POTUS has had a tremendous first year and a half in office.
@CNN,Wed Jun 06 18:07:56 +0000 2018,-0.836,0.081,0.304,0.615,@FoxNews @CNN @LisaBloom Look I‚Äôm know the people voices around me and I‚Äôm ready to make my kill / murder list caus‚Ä¶ https://t.co/AE0y5CMvZ3
@CNN,Wed Jun 06 18:07:54 +0000 2018,0.6052,0.283,0.0,0.717,@CNN What did Trudeau say??!  Haha!  Trump is such an embarrassment...#courtjester
@CNN,Wed Jun 06 18:07:54 +0000 2018,-0.5106,0.061,0.181,0.758,RT @Jim_Jordan: @CNN @POTUS Taxes have been cut. The economy is growing. Unemployment is down to 3.8%. Gorsuch is on #SCOTUS. ISIS is retre‚Ä¶
@CNN,Wed Jun 06 18:07:54 +0000 2018,0.0,0.0,0.0,1.0,RT @Jim_Jordan: Here's something that @CNN won't tell you: @POTUS has had a tremendous first year and a half in office.
@CNN,Wed Jun 06 18:07:54 +0000 2018,-0.6239,0.0,0.298,0.702,@The_UnSilent_ @CNN Amen! I‚Äôve said that shit for a year now. Leave her off CNN.
@CNN,Wed Jun 06 18:07:53 +0000 2018,0.0,0.0,0.0,1.0,@pr_1715 @Bertiessmile @word4wordreport @PatHolzer @2genders1merica @xsteviej @CNN @CillizzaCNN (Brainwashed suppor‚Ä¶ https://t.co/8Z8RQfJmX3
@CNN,Wed Jun 06 18:07:52 +0000 2018,0.0,0.0,0.0,1.0,@CNN How much does McCabe know about the meeting between the people who works for CNN and the O WH staffers ? @FCC‚Ä¶ https://t.co/2kpci8LUfE
@CNN,Wed Jun 06 18:07:52 +0000 2018,0.34,0.098,0.0,0.902,RT @Shem_Infinite: I wonder how @CNN is going to explain to it's viewers that General Flynn is innocent and the people that railroaded him‚Ä¶
@CNN,Wed Jun 06 18:07:52 +0000 2018,0.0,0.0,0.0,1.0,RT @STOPDCMTNOW1: @CNN #DEVILS #HELL #HOLE IN #Xijingping‚Äôs #CHINA #USING #EXTRA #HARD #PROPAGANDA #RIGHT #NOW TO COVER THE #TRUTH #SOON #Y‚Ä¶
@CNN,Wed Jun 06 18:07:51 +0000 2018,-0.8316,0.0,0.687,0.313,@STOPDCMTNOW1 @Gina17886201 @CNN NO NO NO √® troppo...üò°üò°üò°üò°üò°üò°üò°üò°üò°üò°
@CNN,Wed Jun 06 18:07:51 +0000 2018,0.6369,0.206,0.0,0.794,"RT @Jim_Jordan: @CNN @POTUS President Trump is keeping his promises. Congress isn‚Äôt. 

Congress needs to keep the promises that we made to‚Ä¶"
@CNN,Wed Jun 06 18:07:51 +0000 2018,-0.0258,0.099,0.103,0.798,"@jordan214_ @FLavasti @CNN Not only that, there were no agreements that resulted in penalties if the countries didn‚Ä¶ https://t.co/pJeirIsVqM"
@CNN,Wed Jun 06 18:07:50 +0000 2018,0.0,0.0,0.0,1.0,RT @Jim_Jordan: Here's something that @CNN won't tell you: @POTUS has had a tremendous first year and a half in office.
@CNN,Wed Jun 06 18:07:50 +0000 2018,-0.1593,0.175,0.218,0.607,"RT @The_UnSilent_: Dear @CNN 

STOP PUTTING KELLYANNE CONWAY ON! 

Regards,

Everyone"
@CNN,Wed Jun 06 18:07:50 +0000 2018,-0.34,0.082,0.137,0.781,"RT @CaliDeplorable: Fact: People only seek immunity if they‚Äôve committed a crime

#McCabe is trying to cover his own behind &amp; throw people‚Ä¶"
@CNN,Wed Jun 06 18:07:50 +0000 2018,0.0,0.0,0.0,1.0,@CKeefeShea @sss3fnm @giftedgirl727 @notmostlyjaded @bjennings812 @ClarenceMack3 @studiohq @smileyt22 @dthomicide‚Ä¶ https://t.co/ZdQliVo1Yk
@CNN,Wed Jun 06 18:07:49 +0000 2018,-0.6249,0.0,0.282,0.718,@CNN California wants to use them to track ICE agents in order to warn criminals.
@CNN,Wed Jun 06 18:07:49 +0000 2018,0.6783,0.261,0.085,0.654,"RT @Jim_Jordan: @CNN @POTUS Compare this success to Congress. Other than tax cuts, what has Congress done that is worthwhile?"
@CNN,Wed Jun 06 18:07:48 +0000 2018,0.0,0.0,0.0,1.0,@ZOmartosson @Adam97549809 @CNN @CNNStyle Lake of humanity Ÿäÿß ÿ™ÿ±ÿπÿ© ÿßŸÑŸÖŸÅŸáŸàŸÖŸäÿ©
@CNN,Wed Jun 06 18:07:48 +0000 2018,0.0,0.0,0.0,1.0,"@anbu_capt4in @Mapachiii @yung_hyper_ @maddiekinggg @ambersornson @Yesenia_23cx @ericboyce1 @CNN Albuquerque, New M‚Ä¶ https://t.co/SBfPl3LbdW"
@CNN,Wed Jun 06 18:07:47 +0000 2018,0.0,0.0,0.0,1.0,RT @Jim_Jordan: Here's something that @CNN won't tell you: @POTUS has had a tremendous first year and a half in office.
@CNN,Wed Jun 06 18:07:47 +0000 2018,-0.7626,0.102,0.298,0.599,RT @United4Love2017: @CNN Thanks to Obamacare for BREAKING THE LAWS ALLOWING ILLEGAL IMMIGRANTS TO CROSS ILLEGALLY IS A CRIMINAL ACT. https‚Ä¶
@CNN,Wed Jun 06 18:07:47 +0000 2018,0.765,0.223,0.0,0.777,"RT @CNN: ""We thank our great Singaporean hosts for their hospitality."" Donald Trump and Kim Jong Un will meet at the Capella Hotel on Singa‚Ä¶"
@CNN,Wed Jun 06 18:07:46 +0000 2018,-0.128,0.075,0.095,0.83,"RT @CNN: How Apple, which is currently worth $945 billion and on track to become the first-ever trillion-dollar company, has avoided the in‚Ä¶"
@CNN,Wed Jun 06 18:07:45 +0000 2018,-0.128,0.075,0.095,0.83,"RT @CNN: How Apple, which is currently worth $945 billion and on track to become the first-ever trillion-dollar company, has avoided the in‚Ä¶"
@CNN,Wed Jun 06 18:07:45 +0000 2018,-0.7269,0.0,0.289,0.711,RT @CNN: The maker of Jack Daniel's is worried about the impact of a trade war https://t.co/5rEiKMiNBa https://t.co/GfJJhgIgBC
@CNN,Wed Jun 06 18:07:44 +0000 2018,-0.6124,0.0,0.172,0.828,"RT @CNN: Three sons, ages 13, 6, and 2, are in a New York state detention center. Another son is in a detention center in California. And M‚Ä¶"
@CNN,Wed Jun 06 18:07:44 +0000 2018,-0.1779,0.0,0.175,0.825,@CNN seriously cannot get out of its own way
@CNN,Wed Jun 06 18:07:44 +0000 2018,0.3182,0.133,0.0,0.867,@BrMcLean13 @MadTalkMBN @BlackServative @IngrahamAngle @CNN I have yet to see physical proof of Trump. Please depic‚Ä¶ https://t.co/GJvjiMNBaC
@CNN,Wed Jun 06 18:07:43 +0000 2018,-0.128,0.075,0.095,0.83,"RT @CNN: How Apple, which is currently worth $945 billion and on track to become the first-ever trillion-dollar company, has avoided the in‚Ä¶"
@CNN,Wed Jun 06 18:07:42 +0000 2018,0.6369,0.206,0.0,0.794,"RT @Jim_Jordan: @CNN @POTUS President Trump is keeping his promises. Congress isn‚Äôt. 

Congress needs to keep the promises that we made to‚Ä¶"
@CNN,Wed Jun 06 18:07:41 +0000 2018,0.0772,0.058,0.0,0.942,RT @CNN: BREAKING: President Trump has commuted the life sentence of Alice Johnson following a White House meeting last week with Kim Karda‚Ä¶
@CNN,Wed Jun 06 18:07:40 +0000 2018,0.0,0.0,0.0,1.0,RT @gehrig38: #KARMA @CNN https://t.co/ibxJLfnwDi
@CNN,Wed Jun 06 18:07:40 +0000 2018,-0.4767,0.0,0.119,0.881,"RT @PhilMcCrackin44: Jim @Acosta‚Äôs weekly report to JEFF ZUCKER @CNN  HQ:

MON: Sarah wouldn‚Äôt call on me

TUES: Sarah made me cry

WED: St‚Ä¶"
@CNN,Wed Jun 06 18:07:40 +0000 2018,0.0,0.0,0.0,1.0,@smileyt22 @lanesbpoop @LiberalDemIda @dthomicide @suspectfreed @PWM62 @suekhi @MaggieDog01 @sss3fnm @SailingCarol‚Ä¶ https://t.co/uembluAKiv
@CNN,Wed Jun 06 18:07:39 +0000 2018,0.6369,0.206,0.0,0.794,"RT @Jim_Jordan: @CNN @POTUS President Trump is keeping his promises. Congress isn‚Äôt. 

Congress needs to keep the promises that we made to‚Ä¶"
@CNN,Wed Jun 06 18:07:39 +0000 2018,0.6166,0.366,0.0,0.634,@CNN Where is the #BlueWave in California? :-D
@CNN,Wed Jun 06 18:07:39 +0000 2018,0.0,0.0,0.0,1.0,@CNN  https://t.co/7gS8uKupZg
@CNN,Wed Jun 06 18:07:39 +0000 2018,0.8994,0.438,0.1,0.462,RT @sports684: @Jim_Jordan @CNN @POTUS we love you @Jim_Jordan   KEEP FIGHTING FOR US PLEASE!!! Thanks for supporting our @POTUS !!
@CNN,Wed Jun 06 18:07:38 +0000 2018,0.4019,0.172,0.0,0.828,@CNN Just justified the burning down of the White House. #America #USA #CNN https://t.co/fdwHAZ2rx5
@CNN,Wed Jun 06 18:07:37 +0000 2018,0.0,0.0,0.0,1.0,RT @Jim_Jordan: Here's something that @CNN won't tell you: @POTUS has had a tremendous first year and a half in office.
@CNN,Wed Jun 06 18:07:37 +0000 2018,-0.1593,0.175,0.218,0.607,"RT @The_UnSilent_: Dear @CNN 

STOP PUTTING KELLYANNE CONWAY ON! 

Regards,

Everyone"
@CNN,Wed Jun 06 18:07:36 +0000 2018,-0.6705,0.063,0.211,0.726,RT @robbystarbuck: Fox News has been #1 for 197 months straight. In the latest ratings disaster for CNN they lost another 25% of their view‚Ä¶
@CNN,Wed Jun 06 18:07:36 +0000 2018,0.0,0.0,0.0,1.0,@Jim_Jordan @CNN @POTUS For Speaker!!
@CNN,Wed Jun 06 18:07:35 +0000 2018,-0.2695,0.139,0.191,0.67,@mikepolkjr @Jim_Jordan @CNN @POTUS Keep talking! A Big Red Wave is coming thanks to lying blue checks!
@CNN,Wed Jun 06 18:07:35 +0000 2018,-0.296,0.075,0.128,0.796,@FinanceBuzz @CNN Unemployment was on the way down under obama...the economy was also growing under obama and the t‚Ä¶ https://t.co/mFxuuBfzzg
@CNN,Wed Jun 06 18:07:35 +0000 2018,0.0,0.0,0.0,1.0,RT @thebradfordfile: RETWEET if you have not watched one single hour of @CNN in 2018.
@CNN,Wed Jun 06 18:07:35 +0000 2018,0.0,0.0,0.0,1.0,@Jim_Jordan @CNN @POTUS Can you rely that message to @SenatorCorker?
@CNN,Wed Jun 06 18:07:35 +0000 2018,-0.5574,0.0,0.167,0.833,@CNN Noted Tejano guitarist- singer Jimmy Gonzalez died 9:30 a.m. Wednesday local time in a San Antonio Hospital. A‚Ä¶ https://t.co/4bUei83fVg
@CNN,Wed Jun 06 18:07:35 +0000 2018,0.0,0.0,0.0,1.0,@FLavasti @CNN You forgot ‚Äúsun rose today‚Äù
@CNN,Wed Jun 06 18:07:34 +0000 2018,0.5859,0.193,0.064,0.743,"RT @CNN: Tyler Soloman wiped tears of joy off his face after his father, who'd been deployed overseas, surprised Tyler by showing up at his‚Ä¶"
@CNN,Wed Jun 06 18:07:34 +0000 2018,0.0,0.0,0.0,1.0,RT @Jim_Jordan: Here's something that @CNN won't tell you: @POTUS has had a tremendous first year and a half in office.
@CNN,Wed Jun 06 18:07:33 +0000 2018,0.6369,0.206,0.0,0.794,"RT @Jim_Jordan: @CNN @POTUS President Trump is keeping his promises. Congress isn‚Äôt. 

Congress needs to keep the promises that we made to‚Ä¶"
@CNN,Wed Jun 06 18:07:33 +0000 2018,-0.4939,0.0,0.198,0.802,@CNN Oh my. We mustn‚Äôt be mad at self. You should be in jail.
@CNN,Wed Jun 06 18:07:33 +0000 2018,-0.3818,0.0,0.133,0.867,"@Mediaite She is a know-nothing. The Anthem was composed during a battle with invaders at Fort McHenry, MD @CNN https://t.co/7Ac3NgXuQs"
@CNN,Wed Jun 06 18:07:32 +0000 2018,0.0,0.0,0.0,1.0,"RT @CNN: These unusual-looking concrete houses will be constructed using a 3D printer in Eindhoven, the Netherlands: https://t.co/nc3JMB4DR‚Ä¶"
@CNN,Wed Jun 06 18:07:31 +0000 2018,0.0,0.0,0.0,1.0,RT @thebradfordfile: RETWEET if you have not watched one single hour of @CNN in 2018.
@CNN,Wed Jun 06 18:07:30 +0000 2018,-0.4767,0.0,0.119,0.881,"RT @PhilMcCrackin44: Jim @Acosta‚Äôs weekly report to JEFF ZUCKER @CNN  HQ:

MON: Sarah wouldn‚Äôt call on me

TUES: Sarah made me cry

WED: St‚Ä¶"
@CNN,Wed Jun 06 18:07:29 +0000 2018,-0.4939,0.0,0.186,0.814,RT @CNN: A stolen armored personnel carrier led police on a two-hour chase through Virginia https://t.co/adapbHpfj7 https://t.co/e4cTyKhNP6
@CNN,Wed Jun 06 18:07:29 +0000 2018,0.0,0.0,0.0,1.0,RT @CNN: New Mexico's Deb Haaland likely to be first Native American congresswoman https://t.co/OZOPO7jDW1 https://t.co/OEFKSW4jYq
@CNN,Wed Jun 06 18:07:28 +0000 2018,-0.5106,0.061,0.181,0.758,RT @Jim_Jordan: @CNN @POTUS Taxes have been cut. The economy is growing. Unemployment is down to 3.8%. Gorsuch is on #SCOTUS. ISIS is retre‚Ä¶
@CNN,Wed Jun 06 18:07:27 +0000 2018,-0.128,0.075,0.095,0.83,"RT @CNN: How Apple, which is currently worth $945 billion and on track to become the first-ever trillion-dollar company, has avoided the in‚Ä¶"
@CNN,Wed Jun 06 18:07:26 +0000 2018,0.0,0.0,0.0,1.0,"RT @CNN: These unusual-looking concrete houses will be constructed using a 3D printer in Eindhoven, the Netherlands: https://t.co/nc3JMB4DR‚Ä¶"
@CNN,Wed Jun 06 18:07:25 +0000 2018,-0.7906,0.0,0.241,0.759,RT @CNN: British troops burned down the White House during the War of 1812. Historians note the British attack on Washington was in retalia‚Ä¶
@CNN,Wed Jun 06 18:07:25 +0000 2018,0.0,0.0,0.0,1.0,RT @Jim_Jordan: Here's something that @CNN won't tell you: @POTUS has had a tremendous first year and a half in office.
@CNN,Wed Jun 06 18:07:25 +0000 2018,0.126,0.069,0.0,0.931,@terryloohoo @Drkwggs @HAWofPA @Jim_Jordan @CNN @POTUS But your dm is off for 1 and for 2 you‚Äôre a lot on the grey side yikes!
@CNN,Wed Jun 06 18:07:24 +0000 2018,0.34,0.107,0.0,0.893,"RT @RVAwonk: #BREAKING: State Department officials say national security adviser John Bolton tried to ""blow up North Korea talks"" on purpos‚Ä¶"
@CNN,Wed Jun 06 18:07:23 +0000 2018,-0.128,0.075,0.095,0.83,"RT @CNN: How Apple, which is currently worth $945 billion and on track to become the first-ever trillion-dollar company, has avoided the in‚Ä¶"
@CNN,Wed Jun 06 18:07:23 +0000 2018,0.0,0.0,0.0,1.0,@maydaymindy9 @CNN The Hips and Bones Society?
@CNN,Wed Jun 06 18:07:23 +0000 2018,0.0772,0.09,0.079,0.83,RT @lbfeldman: @Amy_Siskind Agree Amy. Decided this morn when I heard KC was going to be on that enough was enough. No more @CNN for me
@CNN,Wed Jun 06 18:07:22 +0000 2018,0.8525,0.294,0.0,0.706,"RT @TheReady1775: @HARRISFAULKNER is a TRUE #MissAmerica !üá∫üá∏
Love her work, her @USArmy childhood story &amp; all that she stands for today! üá∫üá∏‚Ä¶"
@CNN,Wed Jun 06 18:07:22 +0000 2018,-0.4588,0.087,0.217,0.696,"@Skwyzlic @Jim_Jordan @CNN @POTUS Must be why he's created 3 million jobs, cut taxes and brought unemployment to re‚Ä¶ https://t.co/isI5nqC1nn"
@CNN,Wed Jun 06 18:07:22 +0000 2018,0.8225,0.297,0.0,0.703,RT @RealBillRussell: The best thing that happened to @Eagles since winning the #superbowl is @realDonaldTrump uninviting them to the #White‚Ä¶
@CNN,Wed Jun 06 18:07:21 +0000 2018,0.0,0.0,0.0,1.0,"RT @CNN: These unusual-looking concrete houses will be constructed using a 3D printer in Eindhoven, the Netherlands: https://t.co/nc3JMB4DR‚Ä¶"
@CNN,Wed Jun 06 18:07:19 +0000 2018,-0.3612,0.0,0.171,0.829,Sorry this proves the opposite of what you are pushing &gt; Cohen refused an offer of a meeting between‚Ä¶ https://t.co/t2M4zKHlAw
@CNN,Wed Jun 06 18:07:18 +0000 2018,0.0,0.0,0.0,1.0,RT @gehrig38: #KARMA @CNN https://t.co/ibxJLfnwDi
@CNN,Wed Jun 06 18:07:17 +0000 2018,0.0,0.0,0.0,1.0,RT @CNN: These are some of the most exquisite libraries in the world https://t.co/VI1tReUq7j https://t.co/U92ZwYv5rQ
@CNN,Wed Jun 06 18:07:17 +0000 2018,-0.4939,0.0,0.186,0.814,RT @CNN: A stolen armored personnel carrier led police on a two-hour chase through Virginia https://t.co/TQ0w2BnOfJ https://t.co/TJ8khq6w1g
@CNN,Wed Jun 06 18:07:15 +0000 2018,-0.8481,0.0,0.406,0.594,@CNN I thought Trump was racist and hated African Americans tho ü§î.... what gives CNN?
@CNN,Wed Jun 06 18:07:15 +0000 2018,-0.7003,0.0,0.279,0.721,@OurRevolution ‚ÄúIncome inequality has grown at an alarming rate with devastating effects...‚Äùwe must make it easier‚Ä¶ https://t.co/PIW04NiIGm
@CNN,Wed Jun 06 18:07:14 +0000 2018,0.3818,0.181,0.105,0.714,"@TheCityBachelor The pendulum simply swung to #socialmedia, because no beauty pagent can match the VOLUNTARY femini‚Ä¶ https://t.co/MwAdLTBb2o"
@CNN,Wed Jun 06 18:07:14 +0000 2018,-0.1531,0.104,0.127,0.769,"Matthew Charles was freed from prison and rebuilt his life. Two years later, he was sent back because of an ""erro..‚Ä¶ https://t.co/afmUcqzSKY"
@CNN,Wed Jun 06 18:07:13 +0000 2018,0.0,0.0,0.0,1.0,RT @Jim_Jordan: Here's something that @CNN won't tell you: @POTUS has had a tremendous first year and a half in office.
@CNN,Wed Jun 06 18:07:13 +0000 2018,-0.1593,0.175,0.218,0.607,"RT @The_UnSilent_: Dear @CNN 

STOP PUTTING KELLYANNE CONWAY ON! 

Regards,

Everyone"
@CNN,Wed Jun 06 18:07:12 +0000 2018,-0.6705,0.063,0.211,0.726,RT @robbystarbuck: Fox News has been #1 for 197 months straight. In the latest ratings disaster for CNN they lost another 25% of their view‚Ä¶
@CNN,Wed Jun 06 18:07:12 +0000 2018,0.0,0.0,0.0,1.0,RT @Jim_Jordan: Here's something that @CNN won't tell you: @POTUS has had a tremendous first year and a half in office.
@CNN,Wed Jun 06 18:07:12 +0000 2018,-0.6486,0.082,0.237,0.681,"RT @CNN: BREAKING: Kelly Sadler, the White House communications aide who joked about Sen. John McCain's brain cancer last month, no longer‚Ä¶"
@CNN,Wed Jun 06 18:07:11 +0000 2018,0.6486,0.209,0.0,0.791,@MomRovin @DevinNunes @CNN Omg that‚Äôs like a really big big deal omg omg omg omg lol how bout Hillary paying 10 mil‚Ä¶ https://t.co/dKGk2WRzis
@CNN,Wed Jun 06 18:07:11 +0000 2018,-0.0516,0.09,0.098,0.812,RT @robbystarbuck: The White House should suspend the credentials for April Ryan and Jim Acosta. They intentionally create a circus every c‚Ä¶
@CNN,Wed Jun 06 18:07:11 +0000 2018,-0.7269,0.0,0.289,0.711,RT @CNN: The maker of Jack Daniel's is worried about the impact of a trade war https://t.co/5rEiKMiNBa https://t.co/GfJJhgIgBC
@Fox,Wed Jun 06 18:07:12 +0000 2018,0.0,0.0,0.0,1.0,@SenateDems @SenateGOP @SenSchumer @abc @cbs @nbc @fox Hey chuckie this is happening on your watch. Still waiting t‚Ä¶ https://t.co/rzWYHYSXvQ
@Fox,Wed Jun 06 18:04:10 +0000 2018,0.0,0.0,0.0,1.0,"RT @MalecBadass: @netflix @hulu @fox 
#SaveShadowhunters #PickUpShadowhunters"
@Fox,Wed Jun 06 18:03:57 +0000 2018,0.0,0.0,0.0,1.0,@marvin_hill123 @DoeHategop @Al_Gorelioni @billcrowley3rd @Birdseye1 @Ltdsoltd @Whichsideareuon @JoLeam3‚Ä¶ https://t.co/4OrtTb7JTt
@Fox,Wed Jun 06 18:03:06 +0000 2018,0.0,0.0,0.0,1.0,"@IvankaTrump @CNN  @MSNBC @DNC @FoxNews @RealAlexJones @AnnCoulter @GOP @SenateGOP @HouseGOP
@SenateMajLdr‚Ä¶ https://t.co/P6sRJrKheC"
@Fox,Wed Jun 06 18:02:58 +0000 2018,0.0,0.0,0.0,1.0,@iam555srkkhan @fatihportakal @fox üòÇüòÇüòÇüòÇ
@Fox,Wed Jun 06 18:02:33 +0000 2018,0.0,0.0,0.0,1.0,"https://t.co/YFtp3oIeZE

@IvankaTrump @CNN  @MSNBC @DNC @FoxNews @RealAlexJones @AnnCoulter @GOP @SenateGOP‚Ä¶ https://t.co/COdZuzvkq6"
@Fox,Wed Jun 06 18:02:01 +0000 2018,0.0258,0.114,0.11,0.776,RT @alecscupcake: sh fandom trying to stay awake after all these hours of tweeting like crazy #SaveShadowhunters #PickUpShadowhunters @hulu‚Ä¶
@Fox,Wed Jun 06 18:00:54 +0000 2018,0.0,0.0,0.0,1.0,@iam555srkkhan @fatihportakal @fox Ekranda kurt var √ßakal degil
@Fox,Wed Jun 06 18:00:33 +0000 2018,0.0,0.0,0.0,1.0,"@realDonaldTrump @POTUS  @CNN @FOX @MSNBC @umnoonline   @Khairykj @NajibRazak 
 
@MatUMNO @Zahid_Hamidi‚Ä¶ https://t.co/P0kXNUILOz"
@Fox,Wed Jun 06 17:57:33 +0000 2018,0.0,0.0,0.0,1.0,RT @CemilSongur: #Erler√ñƒürencilerMasumdur #Erler√ñƒürencilerMasumdur  nerde g√∂r√ºlm√º≈ü erler m√ºhebbet aldƒ±ƒüƒ± @fatihportakal @fox
@Fox,Wed Jun 06 17:56:39 +0000 2018,0.2539,0.081,0.0,0.919,"RT @IWillRedPillU: You already know The Goldwater is going to report this
This is HUGE-
Local media outlets are covering it but they're bei‚Ä¶"
@Fox,Wed Jun 06 17:55:09 +0000 2018,0.0,0.0,0.0,1.0,#Erler√ñƒürencilerMasumdur #Erler√ñƒürencilerMasumdur  nerde g√∂r√ºlm√º≈ü erler m√ºhebbet aldƒ±ƒüƒ± @fatihportakal @fox
@Fox,Wed Jun 06 17:54:28 +0000 2018,0.0,0.0,0.0,1.0,@fox Me as of Saturday üëãüòä
@Fox,Wed Jun 06 17:52:38 +0000 2018,0.0,0.0,0.0,1.0,@fox üëã:)
@Fox,Wed Jun 06 17:52:26 +0000 2018,0.8989,0.377,0.108,0.515,RT @quinn_chipman: One of the greatest villains ?!? Yes. One of the sweetest and healthiest couple on tv? Yes The fandom is the best ?! Yes‚Ä¶
@Fox,Wed Jun 06 17:51:39 +0000 2018,0.8922,0.391,0.114,0.494,One of the greatest villains ?!? Yes. One of the sweetest and healthiest couple on tv? Yes The fandom is the best ?‚Ä¶ https://t.co/VB1mQ9qfQj
@Fox,Wed Jun 06 17:51:30 +0000 2018,0.0258,0.114,0.11,0.776,RT @alecscupcake: sh fandom trying to stay awake after all these hours of tweeting like crazy #SaveShadowhunters #PickUpShadowhunters @hulu‚Ä¶
@Fox,Wed Jun 06 17:50:21 +0000 2018,0.0,0.0,0.0,1.0,@fox üëã
@Fox,Wed Jun 06 17:48:10 +0000 2018,0.6239,0.254,0.0,0.746,"@Varianne_art @ShumDarioNews @HarryShumJr @BasicShadowStuf @FreeformTV @hulu @netflix @TheCW @fox this is amazing!
‚ô•Ô∏èüíûüíïüè≥Ô∏è‚Äçüåàüåà"
@Fox,Wed Jun 06 17:47:46 +0000 2018,0.0,0.0,0.0,1.0,@fox üëã Not in Boston but central Mass
@Fox,Wed Jun 06 17:47:24 +0000 2018,0.0,0.0,0.0,1.0,@fox üëã
@Fox,Wed Jun 06 17:47:11 +0000 2018,0.0,0.0,0.0,1.0,@EggFrittata @ReginaJ88942428 @patburg2 @FoxNews @realDonaldTrump @fox @realdonald Are you going to teach them? üòÇ
@Fox,Wed Jun 06 17:46:09 +0000 2018,0.0,0.0,0.0,1.0,@fox I move to Boston next week üëãüèº
@Fox,Wed Jun 06 17:44:33 +0000 2018,0.0,0.0,0.0,1.0,"What is it with @MSNBC during the AM hours they turn into @FOX ?
Get those opinionated Republicans off or I will tu‚Ä¶ https://t.co/sX0NVKHWJH"
@Fox,Wed Jun 06 17:44:12 +0000 2018,0.0258,0.114,0.11,0.776,RT @alecscupcake: sh fandom trying to stay awake after all these hours of tweeting like crazy #SaveShadowhunters #PickUpShadowhunters @hulu‚Ä¶
@Fox,Wed Jun 06 17:43:44 +0000 2018,0.0,0.0,0.0,1.0,"RT @sophielexnnex: @NetflixUK @FOX 

#Pickupshadowhunters #SaveShadohwunters https://t.co/Y6c131qKfX"
@Fox,Wed Jun 06 17:42:40 +0000 2018,0.0,0.0,0.0,1.0,@fox üëã Outside Boston here.
@Fox,Wed Jun 06 17:41:31 +0000 2018,0.0,0.0,0.0,1.0,"@NetflixUK @FOX 

#Pickupshadowhunters #SaveShadohwunters https://t.co/Y6c131qKfX"
@Fox,Wed Jun 06 17:41:11 +0000 2018,0.2539,0.081,0.0,0.919,"RT @IWillRedPillU: You already know The Goldwater is going to report this
This is HUGE-
Local media outlets are covering it but they're bei‚Ä¶"
@Fox,Wed Jun 06 17:34:22 +0000 2018,0.0258,0.114,0.11,0.776,RT @alecscupcake: sh fandom trying to stay awake after all these hours of tweeting like crazy #SaveShadowhunters #PickUpShadowhunters @hulu‚Ä¶
@Fox,Wed Jun 06 17:33:37 +0000 2018,0.0,0.0,0.0,1.0,@Dance_Anyway_ @ReginaJ88942428 @patburg2 @FoxNews @realDonaldTrump @fox @realdonald It isn‚Äôt.  You‚Äôre just substit‚Ä¶ https://t.co/GE8vsRkQSJ
@Fox,Wed Jun 06 17:33:27 +0000 2018,0.0,0.0,0.0,1.0,"RT @MalecBadass: @netflix @hulu @fox 
#SaveShadowhunters #PickUpShadowhunters"
@Fox,Wed Jun 06 17:33:27 +0000 2018,0.0258,0.114,0.11,0.776,RT @alecscupcake: sh fandom trying to stay awake after all these hours of tweeting like crazy #SaveShadowhunters #PickUpShadowhunters @hulu‚Ä¶
@Fox,Wed Jun 06 17:33:15 +0000 2018,0.0258,0.114,0.11,0.776,RT @alecscupcake: sh fandom trying to stay awake after all these hours of tweeting like crazy #SaveShadowhunters #PickUpShadowhunters @hulu‚Ä¶
@Fox,Wed Jun 06 17:32:28 +0000 2018,0.0258,0.114,0.11,0.776,RT @alecscupcake: sh fandom trying to stay awake after all these hours of tweeting like crazy #SaveShadowhunters #PickUpShadowhunters @hulu‚Ä¶
@Fox,Wed Jun 06 17:30:54 +0000 2018,-0.2732,0.0,0.11,0.89,RT @Deplorablerenee: @bitchypolitics @boominator64 @FoxNews @cjtfarrell @fox You realize that even International News is biased due to NWO‚Ä¶
@Fox,Wed Jun 06 17:29:04 +0000 2018,0.0258,0.114,0.11,0.776,RT @alecscupcake: sh fandom trying to stay awake after all these hours of tweeting like crazy #SaveShadowhunters #PickUpShadowhunters @hulu‚Ä¶
@Fox,Wed Jun 06 17:27:41 +0000 2018,0.0258,0.114,0.11,0.776,RT @alecscupcake: sh fandom trying to stay awake after all these hours of tweeting like crazy #SaveShadowhunters #PickUpShadowhunters @hulu‚Ä¶
@Fox,Wed Jun 06 17:26:59 +0000 2018,0.0258,0.126,0.121,0.754,sh fandom trying to stay awake after all these hours of tweeting like crazy #SaveShadowhunters #PickUpShadowhunters‚Ä¶ https://t.co/Uu1F7w3U2l
@Fox,Wed Jun 06 17:25:12 +0000 2018,0.8016,0.264,0.0,0.736,"I think this is an opportunity for another Network to pick up the show!  Their chemistry is great and it is a fun,‚Ä¶ https://t.co/4SvJh0A02n"
@Fox,Wed Jun 06 17:22:20 +0000 2018,-0.3331,0.099,0.146,0.754,@CNN ü§£ü§£ü§£ü§£ü§£ poor @cnn trying to find some news to report! While @Fox has the highest ratings ever!!! Keep up the good work @cnn
@Fox,Wed Jun 06 17:15:25 +0000 2018,0.0,0.0,0.0,1.0,@azon1ps @realDonaldTrump Does @cnn @msnbc @abc @fox sound partisan to you? They ALL are! That‚Äôs why I suggest you find the facts yourself.
@Fox,Wed Jun 06 17:14:06 +0000 2018,0.5007,0.23,0.093,0.677,"Apparently, this tweet by @FOX no longer exists ??? 

Meanwhile - Trump get his Patriotism on:

God bless America,‚Ä¶ https://t.co/KE9UnwGMOb"
@Fox,Wed Jun 06 17:08:05 +0000 2018,0.0,0.0,0.0,1.0,RT @THYYY18: #PickUpShadowhunters #SaveShadowhunters I need this to happen @Hulu @netflix @FreeformTV @fox
@Fox,Wed Jun 06 17:04:53 +0000 2018,0.0,0.0,0.0,1.0,RT @THYYY18: #PickUpShadowhunters #SaveShadowhunters I need this to happen @Hulu @netflix @FreeformTV @fox
@Fox,Wed Jun 06 17:04:45 +0000 2018,0.8997,0.384,0.0,0.616,RT @roxXmalec: I love Shadowhunters because the cast and crew are so positive and SO TALENTED!!!! #SaveShadowhunters #PickUpShadowhunters @‚Ä¶
@Fox,Wed Jun 06 17:01:23 +0000 2018,0.0,0.0,0.0,1.0,#PickUpShadowhunters #SaveShadowhunters I need this to happen @Hulu @netflix @FreeformTV @fox
@Fox,Wed Jun 06 17:01:20 +0000 2018,0.0,0.0,0.0,1.0,#saveshadowhunters @netflix @hulu @nbc @fox @FreeformTV
@Fox,Wed Jun 06 17:00:24 +0000 2018,0.8997,0.384,0.0,0.616,RT @roxXmalec: I love Shadowhunters because the cast and crew are so positive and SO TALENTED!!!! #SaveShadowhunters #PickUpShadowhunters @‚Ä¶
@Fox,Wed Jun 06 16:58:57 +0000 2018,0.3612,0.143,0.0,0.857,RT @THYYY18: I‚Äôm tired...and I‚Äôd like for someone to #PickUpShadowhunters #SaveShadowhunters @netflix @hulu @fox @FreeformTV https://t.co/H‚Ä¶
@Fox,Wed Jun 06 16:53:36 +0000 2018,0.0,0.0,0.0,1.0,RT @THYYY18: Just someone... #PickUpShadowhunters #SaveShadowhunters @hulu @netflix @fox @FreeformTV
@Fox,Wed Jun 06 16:52:27 +0000 2018,0.8997,0.384,0.0,0.616,RT @roxXmalec: I love Shadowhunters because the cast and crew are so positive and SO TALENTED!!!! #SaveShadowhunters #PickUpShadowhunters @‚Ä¶
@Fox,Wed Jun 06 16:50:49 +0000 2018,0.0,0.0,0.0,1.0,RT @THYYY18: Just someone... #PickUpShadowhunters #SaveShadowhunters @hulu @netflix @fox @FreeformTV
@Fox,Wed Jun 06 16:50:29 +0000 2018,0.8997,0.384,0.0,0.616,RT @roxXmalec: I love Shadowhunters because the cast and crew are so positive and SO TALENTED!!!! #SaveShadowhunters #PickUpShadowhunters @‚Ä¶
@Fox,Wed Jun 06 16:50:15 +0000 2018,0.0,0.0,0.0,1.0,#PickUpShadowhunters #SaveShadowhunters @hulu @netflix @fox @FreeformTV
@Fox,Wed Jun 06 16:49:52 +0000 2018,0.3612,0.143,0.0,0.857,RT @THYYY18: I‚Äôm tired...and I‚Äôd like for someone to #PickUpShadowhunters #SaveShadowhunters @netflix @hulu @fox @FreeformTV https://t.co/H‚Ä¶
@Fox,Wed Jun 06 16:48:56 +0000 2018,0.3612,0.143,0.0,0.857,RT @THYYY18: I‚Äôm tired...and I‚Äôd like for someone to #PickUpShadowhunters #SaveShadowhunters @netflix @hulu @fox @FreeformTV https://t.co/H‚Ä¶
@Fox,Wed Jun 06 16:48:32 +0000 2018,0.8997,0.434,0.0,0.566,I love Shadowhunters because the cast and crew are so positive and SO TALENTED!!!! #SaveShadowhunters‚Ä¶ https://t.co/WIASneq607
@Fox,Wed Jun 06 16:48:26 +0000 2018,0.0,0.0,0.0,1.0,"@OMGno2trump @FOX   üòÇüòÇüòÇüòÇüòÇüòÇüòÇüòÇüòÇüòÇ

Both my brother and sister (republicans addicted to FOX and Trump) will NEVER WATCH‚Ä¶ https://t.co/DGWgErufHX"
@Fox,Wed Jun 06 16:48:26 +0000 2018,0.3612,0.143,0.0,0.857,RT @THYYY18: I‚Äôm tired...and I‚Äôd like for someone to #PickUpShadowhunters #SaveShadowhunters @netflix @hulu @fox @FreeformTV https://t.co/H‚Ä¶
@Fox,Wed Jun 06 16:48:03 +0000 2018,0.0,0.0,0.0,1.0,RT @THYYY18: Just someone... #PickUpShadowhunters #SaveShadowhunters @hulu @netflix @fox @FreeformTV
@Fox,Wed Jun 06 16:47:14 +0000 2018,0.3612,0.161,0.0,0.839,I‚Äôm tired...and I‚Äôd like for someone to #PickUpShadowhunters #SaveShadowhunters @netflix @hulu @fox @FreeformTV https://t.co/H1tyd5FIdm
@Fox,Wed Jun 06 16:46:44 +0000 2018,0.0,0.0,0.0,1.0,RT @THYYY18: Just someone... #PickUpShadowhunters #SaveShadowhunters @hulu @netflix @fox @FreeformTV
@Fox,Wed Jun 06 16:45:38 +0000 2018,0.3612,0.111,0.0,0.889,Tell @FOX &lt;---------------- like that.  Put an @ in front of their name so it goes directly to their feed.  Otherwi‚Ä¶ https://t.co/acjEhK4eWN
@Fox,Wed Jun 06 16:44:35 +0000 2018,0.0,0.0,0.0,1.0,Just someone... #PickUpShadowhunters #SaveShadowhunters @hulu @netflix @fox @FreeformTV
@Fox,Wed Jun 06 16:41:41 +0000 2018,0.0,0.0,0.0,1.0,RT @THYYY18: #SaveShadowhunters #PickUpShadowhunters @hulu @netflix @fox https://t.co/7eTebPk4bA
@Fox,Wed Jun 06 16:40:33 +0000 2018,0.0,0.0,0.0,1.0,@Hulu @netflix @fox #SaveShadowhunters #PickUpShadowhunters üî•üî•
@Fox,Wed Jun 06 16:38:11 +0000 2018,0.4019,0.137,0.0,0.863,#pickupshadowhunters #saveshadowhunters the books and movie and now tv series help me out of my deep depression‚Ä¶ https://t.co/S1CtR1xodl
@Fox,Wed Jun 06 16:37:29 +0000 2018,0.0,0.0,0.0,1.0,#SaveShadowhunters #PickUpShadowhunters @hulu @netflix @fox https://t.co/7eTebPk4bA
@Fox,Wed Jun 06 16:33:11 +0000 2018,-0.177,0.073,0.113,0.814,Still feeling incredibly uncomfortable on twitter but for the sake of #PickUpShadowhunters and #SaveShadowhunters I‚Ä¶ https://t.co/GrsxzkMdqV
@Fox,Wed Jun 06 16:32:37 +0000 2018,-0.296,0.0,0.145,0.855,@fox It‚Äôs no coincidence of course that our CEO is an immigrant and PoC.
@Fox,Wed Jun 06 16:32:00 +0000 2018,-0.7632,0.0,0.247,0.753,@SenateDems @SenSchumer @abc @nbc @cbs @fox Hey chuckie how come no word from you or your pack on this travesty. Gu‚Ä¶ https://t.co/2xvVRYkl9t
@Fox,Wed Jun 06 16:31:50 +0000 2018,-0.1131,0.077,0.095,0.828,"@fox Yes! We‚Äôre not perfect and still have a lot of culture to fix the from the Gates/Balmer decades, but I‚Äôve been‚Ä¶ https://t.co/KOHRNUXB5W"
@Fox,Wed Jun 06 16:24:00 +0000 2018,-0.3382,0.0,0.117,0.883,RT @OneMain: Game on at @TXMotorSpeedway! Watch @Elliott_Sadler conquer the Lone Star State today at 3 pm on @FOX. https://t.co/3dPy3JFG0B‚Ä¶
@Fox,Wed Jun 06 16:22:36 +0000 2018,-0.1779,0.2,0.229,0.571,"@mkraju @JohnBerman Dear @cnn
          Stop inviting people, who have been lying to the American people for years‚Ä¶ https://t.co/7nOmEiuroK"
@Fox,Wed Jun 06 16:19:09 +0000 2018,0.0,0.0,0.0,1.0,@fox news #saveshadowhunters #pickupshadowhunters
@Fox,Wed Jun 06 16:16:13 +0000 2018,0.0,0.0,0.0,1.0,RT @THYYY18: Only reason why I even got on Twitter was to #PickUpShadowhunters #SaveShadowhunters @hulu @netflix @fox
@Fox,Wed Jun 06 16:14:37 +0000 2018,0.0,0.0,0.0,1.0,Only reason why I even got on Twitter was to #PickUpShadowhunters #SaveShadowhunters @hulu @netflix @fox
@Fox,Wed Jun 06 16:13:42 +0000 2018,0.0,0.0,0.0,1.0,#PickUpShadowhunters #SaveShadowhunters @hulu @netflix @fox
@Fox,Wed Jun 06 16:13:41 +0000 2018,0.0,0.0,0.0,1.0,#saveshadowhunters                     @Hulu @fox @freeform @shadowhunterstv @netflix
@Fox,Wed Jun 06 16:10:42 +0000 2018,-0.1027,0.132,0.176,0.692,RT @fox: I love the snarky developer outcry on how GitHub lost its independence in the process of being acquired as if the $350 million in‚Ä¶
@Fox,Wed Jun 06 16:10:23 +0000 2018,0.0,0.0,0.0,1.0,"@mkues65 @frizzledbeef @rising_serpent @fox
@BreitbartNews 
@OANN 
@BorisEP 
.......

@cnn ???"
@Fox,Wed Jun 06 16:09:28 +0000 2018,0.0,0.0,0.0,1.0,RT @getwhittet: @realDonaldTrump Look up ‚Äúfake news‚Äù and your picture is the first thing you see followed by @Fox&amp;friends
@Fox,Wed Jun 06 16:00:25 +0000 2018,0.0,0.0,0.0,1.0,"@netflix @hulu @fox 
#SaveShadowhunters #PickUpShadowhunters"
@Fox,Wed Jun 06 15:56:14 +0000 2018,0.0,0.0,0.0,1.0,RT @getwhittet: @realDonaldTrump Look up ‚Äúfake news‚Äù and your picture is the first thing you see followed by @Fox&amp;friends
@Fox,Wed Jun 06 15:55:57 +0000 2018,-0.4215,0.0,0.167,0.833,"@MoonDawgzTwit @KnowDeplorables @jathomas551 @nytimes @fox Deducted points for lame meme reuse.

@nytime allows you‚Ä¶ https://t.co/0KDHra4Gh7"
@Fox,Wed Jun 06 15:53:03 +0000 2018,0.5562,0.174,0.0,0.826,"@CheriJacobus @Fox will go with the clown Gorka, the deplorables‚Äô version of an intellectual. He‚Äôs a doctor, after all!"
@Fox,Wed Jun 06 15:52:20 +0000 2018,0.0,0.0,0.0,1.0,"@WhiteHouse Meanwhile, Trump and Pence are illegitimate, installed by Russia, Koch, Saudi, UAE, Mercer‚Äôs and white‚Ä¶ https://t.co/Y75HPgsx0s"
@Fox,Wed Jun 06 15:49:55 +0000 2018,0.0,0.0,0.0,1.0,@seanhannity @RealJamesWoods @realDonaldTrump @fox https://t.co/Q4LEC8rqZw
@Fox,Wed Jun 06 15:41:41 +0000 2018,-0.2289,0.188,0.263,0.55,"Couldn't agree more! Stop giving these shrews a platform for their lies! 
@CNN @MSNBC @ABC @CBS - leave the propaga‚Ä¶ https://t.co/aN7ima1kcT"
@Fox,Wed Jun 06 15:38:23 +0000 2018,0.0,0.0,0.0,1.0,@JedediahBila @fox @Thomas1774Paine @dbongino @jaketapper @cnn @ABC @NBCNews @CBSNews @MSNBC
@Fox,Wed Jun 06 15:36:34 +0000 2018,0.5687,0.25,0.149,0.601,@fox Its was never a charity but its incentives were more or less limited 2 being the best/most popular Version Con‚Ä¶ https://t.co/DpYckWCgAy
@Fox,Wed Jun 06 15:36:10 +0000 2018,-0.3612,0.096,0.211,0.693,"@fox Not it isn't. Did a lookup and it seems I'm, for no good reason, stuck with the latter of these. No idea why I‚Ä¶ https://t.co/BxiAUGGFtM"
@Fox,Wed Jun 06 15:34:58 +0000 2018,0.2539,0.081,0.0,0.919,"RT @IWillRedPillU: You already know The Goldwater is going to report this
This is HUGE-
Local media outlets are covering it but they're bei‚Ä¶"
@Fox,Wed Jun 06 15:30:00 +0000 2018,0.3612,0.143,0.0,0.857,I agree cause I‚Äôm not watching @cnn @MSNBC @ABC @fox @TrueFactsStated @ChrisCuomo @TheView @NewDay @WhiteHouse @AP‚Ä¶ https://t.co/ZsoBF37aVI
@Fox,Wed Jun 06 15:17:29 +0000 2018,0.0,0.0,0.0,1.0,Just on @FOX.
@Fox,Wed Jun 06 15:16:09 +0000 2018,-0.2732,0.166,0.282,0.552,@Cam63221058Ruth @foxandfriends @fox No one cares. Eagles are worthless role models.  Go trump.
@Fox,Wed Jun 06 15:15:36 +0000 2018,0.34,0.231,0.0,0.769,@fox @jansche @CSSconfeu @kriesse @rtrospekt Your sister is certainly
@Fox,Wed Jun 06 15:12:36 +0000 2018,0.0,0.0,0.0,1.0,"Ceremony of D-Day Invasion on @FOX. #commingup.
Watch it - Will be a MOVING EXPERIENCE!"
@Fox,Wed Jun 06 14:59:10 +0000 2018,-0.2292,0.096,0.142,0.762,"@AprilDRyan @cnn @POTUS @DonaldJTrumpJr @fox @seanhannity  It just dosen't stop with This Race baiting, agitating l‚Ä¶ https://t.co/pe6WWVHuKN"
@nytimes,Wed Jun 06 18:08:16 +0000 2018,0.0,0.0,0.0,1.0,RT @JJEROME2012: @MarksMars @Mtnchan1 @JeremyRobards7 @Sambyhere @Ambellina77 @CovfefeL @Shmosephine @FlaRhps @Helicallight21 @SandiaWisdom‚Ä¶
@nytimes,Wed Jun 06 18:08:14 +0000 2018,0.0,0.0,0.0,1.0,"@arsenalgoooner2 @CillizzaCNN @CNN Is a link to the @nytimes a credible non fiction link?

https://t.co/7XPk4Segx4"
@nytimes,Wed Jun 06 18:08:12 +0000 2018,-0.6961,0.121,0.29,0.589,"RT @nytimes: President Trump: ‚ÄúThe Fake News Media has been so unfair, and vicious, to my wife and our great First Lady, Melania‚Äù https://t‚Ä¶"
@nytimes,Wed Jun 06 18:08:12 +0000 2018,0.2342,0.178,0.1,0.722,Once again Trump shows his STUNNING ignorance of all things that matter as he claims the Canadians burned down the‚Ä¶ https://t.co/S52667UA8w
@nytimes,Wed Jun 06 18:08:09 +0000 2018,0.6486,0.249,0.0,0.751,This. Is. Us. Well done @GlenMacnow ~ Philly Doesn‚Äôt Care What Trump Says About the Eagles   via @NYTimes‚Ä¶ https://t.co/I0MRFzUN9X
@nytimes,Wed Jun 06 18:08:09 +0000 2018,0.5574,0.173,0.0,0.827,"RT @syeddoha: #NYT: President Trump Thinks He Is a King.

Well @nytimes - like it or not - he is. 

That is what this republic chose. Remem‚Ä¶"
@nytimes,Wed Jun 06 18:08:08 +0000 2018,0.1531,0.113,0.088,0.798,RT @nytimes: Breaking News: Paul Ryan dismissed President Trump‚Äôs charge of a spy in his campaign and warned against his pardoning himself:‚Ä¶
@nytimes,Wed Jun 06 18:08:07 +0000 2018,0.0,0.0,0.0,1.0,"RT @nytimes: Iran announced that it had completed a new centrifuge assembly center at the Natanz nuclear site, in a first step to increasin‚Ä¶"
@nytimes,Wed Jun 06 18:08:06 +0000 2018,-0.25,0.0,0.087,0.913,"RT @nytimes: ""First we were students. Then survivors. Now family."" Read how a Parkland class where 1 in 4 students were struck by bullets i‚Ä¶"
@nytimes,Wed Jun 06 18:08:05 +0000 2018,0.5574,0.173,0.0,0.827,"RT @syeddoha: #NYT: President Trump Thinks He Is a King.

Well @nytimes - like it or not - he is. 

That is what this republic chose. Remem‚Ä¶"
@nytimes,Wed Jun 06 18:08:04 +0000 2018,0.6239,0.151,0.0,0.849,RT @jbell90: @nytimes Wow that was fast. It‚Äôs almost as if they were building it before the US pulled out of the deal! Hmm
@nytimes,Wed Jun 06 18:08:03 +0000 2018,0.4019,0.13,0.0,0.87,RT @jeffreychngo: New op-ed with @joshuawongcf in @nytimes on our support for the @CECCgov #HongKong Human Rights a‚Ä¶ https://t.co/P6OUyyxG2R
@nytimes,Wed Jun 06 18:08:03 +0000 2018,-0.6534,0.0,0.263,0.737,"https://t.co/KFqet9qGnH This article is actually kinda scary. ""The problem ... is that applying the First Amendment‚Ä¶ https://t.co/EYftk0PiBc"
@nytimes,Wed Jun 06 18:08:03 +0000 2018,-0.25,0.0,0.087,0.913,"RT @nytimes: ""First we were students. Then survivors. Now family."" Read how a Parkland class where 1 in 4 students were struck by bullets i‚Ä¶"
@nytimes,Wed Jun 06 18:08:02 +0000 2018,-0.5106,0.0,0.148,0.852,"RT @nytimes: Separating children from migrant families entering the U.S. violates their rights and international law, the UN's human rights‚Ä¶"
@nytimes,Wed Jun 06 18:08:01 +0000 2018,0.8225,0.297,0.0,0.703,RT @RealBillRussell: The best thing that happened to @Eagles since winning the #superbowl is @realDonaldTrump uninviting them to the #White‚Ä¶
@nytimes,Wed Jun 06 18:07:58 +0000 2018,0.0,0.0,0.0,1.0,RT @Robbiezombie: It's time for America to claw its way into the 21st Century - away from the barbarism of the past! #BoycottNRA #BoycottFe‚Ä¶
@nytimes,Wed Jun 06 18:07:57 +0000 2018,0.0,0.0,0.0,1.0,"RT @POLITICSandFUN: AN OPEN QUESTION TO MAINSTREAM MEDIA:

‚ÅâÔ∏è ‚ÄúWhere‚Äôs Your Outrage‚Äù ‚ÅâÔ∏è
 ‚ö†Ô∏èüö´‚ö†Ô∏èüö´‚ö†Ô∏èüö´‚ö†Ô∏èüö´‚ö†Ô∏èüö´‚ö†Ô∏è
.@CNN  .@MSNBC  
.@ABCWorldNews‚Ä¶"
@nytimes,Wed Jun 06 18:07:57 +0000 2018,0.34,0.094,0.0,0.906,"RT @RealGlenMacnow: Hey, I'm in the @nytimes with an oped defending the Eagles players and giving the fans' take on this White House fiasco‚Ä¶"
@nytimes,Wed Jun 06 18:07:53 +0000 2018,0.0,0.0,0.0,1.0,@realDonaldTrump @funder @amvetsupport @washingtonpost @nytimes @newyorker https://t.co/PNEE5Jsokh
@nytimes,Wed Jun 06 18:07:53 +0000 2018,0.765,0.292,0.0,0.708,RT @BrianEttling: Congrats to my @ClimateReality friend @CLIMATEMAMA. She got a letter published @nytimes for #ClimateAction. It's time to‚Ä¶
@nytimes,Wed Jun 06 18:07:52 +0000 2018,0.5904,0.258,0.0,0.742,"@Gothamist 2. Ethnic Impurity

And PROUD of it. 

via @nytimes #timesmachine 

https://t.co/QCKIRziqhF"
@nytimes,Wed Jun 06 18:07:47 +0000 2018,0.0,0.0,0.0,1.0,@nytimes Asians in OC: https://t.co/22MyJTzHUt
@nytimes,Wed Jun 06 18:07:41 +0000 2018,0.5574,0.173,0.0,0.827,"RT @syeddoha: #NYT: President Trump Thinks He Is a King.

Well @nytimes - like it or not - he is. 

That is what this republic chose. Remem‚Ä¶"
@nytimes,Wed Jun 06 18:07:36 +0000 2018,0.0,0.0,0.0,1.0,RT @MarksMars: @Mtnchan1 @JeremyRobards7 @Sambyhere @Ambellina77 @CovfefeL @Shmosephine @FlaRhps @Helicallight21 @SandiaWisdom @PCreator714‚Ä¶
@nytimes,Wed Jun 06 18:07:36 +0000 2018,-0.2732,0.064,0.127,0.809,"RT @LincolnsBible: No matter what eventually comes out about @nytimes, remain clear...
SCL/CA/Mercer/Bannon/Nix/Zuckerberg &amp; Putin's mafia‚Ä¶"
@nytimes,Wed Jun 06 18:07:36 +0000 2018,0.0,0.0,0.0,1.0,@nytimes N Y Times ü§Æ
@nytimes,Wed Jun 06 18:07:35 +0000 2018,0.6739,0.221,0.0,0.779,Read about @philwest's new book I BELIEVE THAT WE WILL WIN in the @nytimes today (by @kevinmdraper): https://t.co/YtwS6x63IY
@nytimes,Wed Jun 06 18:07:34 +0000 2018,0.0,0.0,0.0,1.0,@IngrahamAngle @larry_kudlow @nytimes @realDonaldTrump SS Barbie discussing trade is as absurd as trump discussing‚Ä¶ https://t.co/Ca6jCtBY4w
@nytimes,Wed Jun 06 18:07:34 +0000 2018,0.6369,0.259,0.0,0.741,"RT @mattsebastian: A big, big love to whoever wrote this @nytimes headline today https://t.co/VMfKhJCEEs"
@nytimes,Wed Jun 06 18:07:29 +0000 2018,0.0516,0.057,0.0,0.943,"RT @carlymnorman: @nytimes Just a thought: legalize and regulate marijuana, then commute the sentences of those serving time for it, in ess‚Ä¶"
@nytimes,Wed Jun 06 18:07:28 +0000 2018,0.0,0.0,0.0,1.0,@Mtnchan1 @JeremyRobards7 @Sambyhere @Ambellina77 @CovfefeL @Shmosephine @FlaRhps @Helicallight21 @SandiaWisdom‚Ä¶ https://t.co/IZk7SwpH61
@nytimes,Wed Jun 06 18:07:26 +0000 2018,0.0,0.0,0.0,1.0,"RT @Surabees: Hey @nytimes - So was it ""Undiplomatic"" when Barack Obama wrote an entire OpEd urging the people of Britain to oppose Brexit?‚Ä¶"
@nytimes,Wed Jun 06 18:07:23 +0000 2018,-0.5574,0.0,0.231,0.769,"Taking Migrant Children From Parents Is Illegal, U.N. Tells U.S., via @nytimes https://t.co/j6mLP3l5V1"
@nytimes,Wed Jun 06 18:07:22 +0000 2018,0.8225,0.297,0.0,0.703,RT @RealBillRussell: The best thing that happened to @Eagles since winning the #superbowl is @realDonaldTrump uninviting them to the #White‚Ä¶
@nytimes,Wed Jun 06 18:07:22 +0000 2018,0.0,0.0,0.0,1.0,RT @MarksMars: @Mtnchan1 @JeremyRobards7 @Sambyhere @Ambellina77 @CovfefeL @Shmosephine @FlaRhps @Helicallight21 @SandiaWisdom @PCreator714‚Ä¶
@nytimes,Wed Jun 06 18:07:21 +0000 2018,-0.5423,0.0,0.179,0.821,"@nytimes @washingtonpost Everyone on earth knows that @BarackObama (Hussein) was here to destroy us, was a Wahhabis‚Ä¶ https://t.co/IPO5AglzQW"
@nytimes,Wed Jun 06 18:07:19 +0000 2018,-0.25,0.0,0.087,0.913,"RT @nytimes: ""First we were students. Then survivors. Now family."" Read how a Parkland class where 1 in 4 students were struck by bullets i‚Ä¶"
@nytimes,Wed Jun 06 18:07:17 +0000 2018,-0.2732,0.064,0.127,0.809,"RT @LincolnsBible: No matter what eventually comes out about @nytimes, remain clear...
SCL/CA/Mercer/Bannon/Nix/Zuckerberg &amp; Putin's mafia‚Ä¶"
@nytimes,Wed Jun 06 18:07:16 +0000 2018,-0.25,0.0,0.087,0.913,"RT @nytimes: ""First we were students. Then survivors. Now family."" Read how a Parkland class where 1 in 4 students were struck by bullets i‚Ä¶"
@nytimes,Wed Jun 06 18:07:14 +0000 2018,0.6369,0.259,0.0,0.741,"RT @mattsebastian: A big, big love to whoever wrote this @nytimes headline today https://t.co/VMfKhJCEEs"
@nytimes,Wed Jun 06 18:07:14 +0000 2018,0.5093,0.215,0.0,0.785,@NewsBurd @LesBowen @RealGlenMacnow @nytimes Glen is one of my favorite sports radio personalities!
@nytimes,Wed Jun 06 18:07:11 +0000 2018,0.0,0.0,0.0,1.0,"@SportsRadioWIP @RealGlenMacnow @nytimes I wonder how this will impact his reelection in PA, did it rub people who‚Ä¶ https://t.co/xkPqIx3BPz"
@nytimes,Wed Jun 06 18:07:09 +0000 2018,0.0,0.0,0.0,1.0,"How would Kim Jong-un even get to @PBI_Airport so he could visit Mar-a-Lago?
@nytimes reported last month that ""It‚Ä¶ https://t.co/149hi6zhwj"
@nytimes,Wed Jun 06 18:07:06 +0000 2018,-0.926,0.0,0.551,0.449,"Americans with depression, bipolar disorder, or other mental illnesses die younger than those without‚Ä¶ https://t.co/w8zATVwc7k"
@nytimes,Wed Jun 06 18:07:04 +0000 2018,0.0,0.0,0.0,1.0,RT @realBethNeale: @realDonaldTrump @seanhannity HEY! @espn @ABC @CBS @NBCNews @CNN @MSNBC @TheView @nytimes @NYDailyNews @Eagles @Philadel‚Ä¶
@nytimes,Wed Jun 06 18:07:04 +0000 2018,-0.4588,0.051,0.129,0.82,RT @nytimes: President Trump commuted the sentence of a woman serving life in prison on a drug conviction after he was lobbied by Kim Karda‚Ä¶
@nytimes,Wed Jun 06 18:07:02 +0000 2018,-0.2732,0.064,0.127,0.809,"RT @LincolnsBible: No matter what eventually comes out about @nytimes, remain clear...
SCL/CA/Mercer/Bannon/Nix/Zuckerberg &amp; Putin's mafia‚Ä¶"
@nytimes,Wed Jun 06 18:06:59 +0000 2018,-0.25,0.0,0.1,0.9,"RT @CaliDeplorable: Are you #Woke yet #America ? 

Put 2 &amp; 2 together

@nytimes is part of the #FakeNewsMedia propaganda machine,don‚Äôt beli‚Ä¶"
@nytimes,Wed Jun 06 18:06:58 +0000 2018,0.0,0.0,0.0,1.0,@mattsebastian @nytimes cc @thebreeders
@nytimes,Wed Jun 06 18:06:58 +0000 2018,0.9118,0.412,0.0,0.588,"RT @leepace: Friends: I wanted to share a bit of my experience with you, via @nytimes and @MatthewSchneier 
Endless love for the wise, gene‚Ä¶"
@nytimes,Wed Jun 06 18:06:57 +0000 2018,0.2732,0.1,0.0,0.9,"From hotly contested House races in California and New Jersey to surprising elections in the Midwest and the South,‚Ä¶ https://t.co/srkZeRGLWU"
@nytimes,Wed Jun 06 18:06:57 +0000 2018,0.0258,0.13,0.126,0.744,"RT @YousufNazar: ""Just a month and a half away from national elections, Pakistan‚Äôs powerful military establishment has mounted a fearsome c‚Ä¶"
@nytimes,Wed Jun 06 18:06:54 +0000 2018,0.7845,0.362,0.093,0.545,RT @nytimes: Ethiopia announced that it would accept a 2000 peace agreement with Eritrea over their disputed border https://t.co/Ruxdoq9ni2
@nytimes,Wed Jun 06 18:06:53 +0000 2018,-0.2732,0.064,0.127,0.809,"RT @LincolnsBible: No matter what eventually comes out about @nytimes, remain clear...
SCL/CA/Mercer/Bannon/Nix/Zuckerberg &amp; Putin's mafia‚Ä¶"
@nytimes,Wed Jun 06 18:06:51 +0000 2018,0.0,0.0,0.0,1.0,"RT @chimeracoder: [cn: suicide]

This is not an exaggeration. At our college newspaper, we had a checklist of rules we followed for how to‚Ä¶"
@nytimes,Wed Jun 06 18:06:46 +0000 2018,0.0,0.0,0.0,1.0,@Mtnchan1 @JeremyRobards7 @Sambyhere @Ambellina77 @CovfefeL @Shmosephine @FlaRhps @Helicallight21 @SandiaWisdom‚Ä¶ https://t.co/JgRq8amsfS
@nytimes,Wed Jun 06 18:06:46 +0000 2018,0.0,0.0,0.0,1.0,@MarksMars @Mtnchan1 @JeremyRobards7 @Sambyhere @Ambellina77 @CovfefeL @Shmosephine @FlaRhps @Helicallight21‚Ä¶ https://t.co/M1qjR9zjmq
@nytimes,Wed Jun 06 18:06:45 +0000 2018,0.0,0.0,0.0,1.0,RT @thaise_nobrega: Acho @franceaubresil achar inconveniente quem caso exista quem defina eu n√£o ter transtorno afetivo bipolar por minha e‚Ä¶
@nytimes,Wed Jun 06 18:06:45 +0000 2018,0.0,0.0,0.0,1.0,"@ale_dibattista @nytimes @FinancialTimes @guardian Che cazzata dici, magari avr√† pagato il pizzo per piazzare le an‚Ä¶ https://t.co/dnVt97rqkV"
@nytimes,Wed Jun 06 18:06:43 +0000 2018,0.0,0.0,0.0,1.0,"America, Hold on to Your Allies. You‚Äôll Need Them., via @nytimes https://t.co/BhEDFvXcOF"
@nytimes,Wed Jun 06 18:06:40 +0000 2018,0.8225,0.297,0.0,0.703,RT @RealBillRussell: The best thing that happened to @Eagles since winning the #superbowl is @realDonaldTrump uninviting them to the #White‚Ä¶
@nytimes,Wed Jun 06 18:06:39 +0000 2018,0.2732,0.1,0.0,0.9,RT @NatalieElsberg: Well done @nytimes @emmaroller for lifting the profile of bigots (again) and not doing your research (again).  Disgrace‚Ä¶
@nytimes,Wed Jun 06 18:06:34 +0000 2018,-0.25,0.0,0.087,0.913,"RT @nytimes: ""First we were students. Then survivors. Now family."" Read how a Parkland class where 1 in 4 students were struck by bullets i‚Ä¶"
@nytimes,Wed Jun 06 18:06:32 +0000 2018,0.0,0.0,0.0,1.0,"@mattsebastian @nytimes cc @KimDealMusic, if you're listening."
@nytimes,Wed Jun 06 18:06:31 +0000 2018,-0.2732,0.064,0.127,0.809,"RT @LincolnsBible: No matter what eventually comes out about @nytimes, remain clear...
SCL/CA/Mercer/Bannon/Nix/Zuckerberg &amp; Putin's mafia‚Ä¶"
@nytimes,Wed Jun 06 18:06:23 +0000 2018,0.0,0.0,0.0,1.0,@RepAndyBarr @nytimes Yet people aren‚Äôt living at a living wage!
@nytimes,Wed Jun 06 18:06:17 +0000 2018,0.2755,0.118,0.077,0.805,"RT @OliMauritania: Why is Trump not being racist like the MSM told me he actually is? Did @CNN, @MSNBC, @nytimes and @washingtonpost lie to‚Ä¶"
@nytimes,Wed Jun 06 18:06:16 +0000 2018,0.2023,0.205,0.154,0.641,"A Roy Moore-Less Campaign in Alabama Was Still Pretty Crazy, via @nytimes https://t.co/84KGqianbN"
@nytimes,Wed Jun 06 18:06:15 +0000 2018,-0.4588,0.051,0.129,0.82,RT @nytimes: President Trump commuted the sentence of a woman serving life in prison on a drug conviction after he was lobbied by Kim Karda‚Ä¶
@nytimes,Wed Jun 06 18:06:15 +0000 2018,0.0,0.0,0.0,1.0,Acho @franceaubresil achar inconveniente quem caso exista quem defina eu n√£o ter transtorno afetivo bipolar por min‚Ä¶ https://t.co/B1V3Acvw51
@nytimes,Wed Jun 06 18:06:15 +0000 2018,0.8225,0.297,0.0,0.703,RT @RealBillRussell: The best thing that happened to @Eagles since winning the #superbowl is @realDonaldTrump uninviting them to the #White‚Ä¶
@nytimes,Wed Jun 06 18:06:11 +0000 2018,-0.6514,0.0,0.203,0.797,@DPRK_News Do you really think @RudyGiuliani is a transvestite?! Hmm... I always thought it was one F'en UGLY woman‚Ä¶ https://t.co/MyVyjgaqLP
@nytimes,Wed Jun 06 18:06:11 +0000 2018,0.0,0.0,0.0,1.0,"RT @Surabees: Hey @nytimes - So was it ""Undiplomatic"" when Barack Obama wrote an entire OpEd urging the people of Britain to oppose Brexit?‚Ä¶"
@nytimes,Wed Jun 06 18:06:08 +0000 2018,-0.25,0.089,0.125,0.786,"RT @nytimes: ‚ÄúA lump might gather in your throat during the opening titles, and dissolve into sniffles and sobs as the final credits roll,‚Äù‚Ä¶"
@nytimes,Wed Jun 06 18:06:05 +0000 2018,0.34,0.112,0.0,0.888,RT @nytimes: The Roy Lichtenstein Foundation is giving around 400 artworks ‚Äî about half its holdings ‚Äî to the Whitney Museum https://t.co/W‚Ä¶
@nytimes,Wed Jun 06 18:06:01 +0000 2018,0.5574,0.173,0.0,0.827,"RT @syeddoha: #NYT: President Trump Thinks He Is a King.

Well @nytimes - like it or not - he is. 

That is what this republic chose. Remem‚Ä¶"
@nytimes,Wed Jun 06 18:05:59 +0000 2018,0.0,0.0,0.0,1.0,"RT @Surabees: Hey @nytimes - So was it ""Undiplomatic"" when Barack Obama wrote an entire OpEd urging the people of Britain to oppose Brexit?‚Ä¶"
@nytimes,Wed Jun 06 18:05:58 +0000 2018,0.0,0.0,0.0,1.0,"RT @Malikejder47: Sadece PKK ile deƒüil..
PKK'ya kol kanat geren al√ßak batƒ± medyasƒ± ile de m√ºcadele ediyoruz!
""How a Drone Hunted Three Kurd‚Ä¶"
@nytimes,Wed Jun 06 18:05:57 +0000 2018,-0.25,0.0,0.087,0.913,"RT @nytimes: ""First we were students. Then survivors. Now family."" Read how a Parkland class where 1 in 4 students were struck by bullets i‚Ä¶"
@nytimes,Wed Jun 06 18:05:57 +0000 2018,0.4019,0.172,0.0,0.828,@PonteVedraMan @SenSanders @BarackObama @nytimes @washingtonpost How do you attain a healthy population of citizens‚Ä¶ https://t.co/nwYRWOVL5r
@nytimes,Wed Jun 06 18:05:54 +0000 2018,0.5562,0.187,0.0,0.813,"@nytimes You have to be f'ing kidding me! If his supporters didn't believe all we've been trying to tell them, they‚Ä¶ https://t.co/6hyemDmbyV"
@nytimes,Wed Jun 06 18:05:53 +0000 2018,0.4404,0.112,0.0,0.888,@nytimes Funny how they all break with the #CriminalInChief after they decide to retire. Do you think that says more about them or him?
@nytimes,Wed Jun 06 18:05:53 +0000 2018,0.0,0.0,0.0,1.0,RT @ApriGli_Occhi: @francescade54 @lvoir @nytimes Sicuramente testo passato da Severgnini
@nytimes,Wed Jun 06 18:05:52 +0000 2018,-0.25,0.089,0.125,0.786,"RT @nytimes: ‚ÄúA lump might gather in your throat during the opening titles, and dissolve into sniffles and sobs as the final credits roll,‚Äù‚Ä¶"
@nytimes,Wed Jun 06 18:05:50 +0000 2018,0.0,0.0,0.0,1.0,@Mtnchan1 @JeremyRobards7 @Sambyhere @Ambellina77 @CovfefeL @Shmosephine @FlaRhps @Helicallight21 @SandiaWisdom‚Ä¶ https://t.co/H6ZSo29ZXI
@nytimes,Wed Jun 06 18:05:49 +0000 2018,0.7096,0.245,0.054,0.7,RT @ClaraJeffery: Dear @nytimes @washingtonpost @latimes @sfchronicle: I'm happy to pay for you. But I really shouldn't have to log in all‚Ä¶
@nytimes,Wed Jun 06 18:05:49 +0000 2018,0.0,0.0,0.0,1.0,"RT @francescade54: Nuovo attacco del @nytimes
#rogercohen: Lega-M5S un branco di miserabili, governo schifoso.
#Senzaparole !!!

https://t.‚Ä¶"
@nytimes,Wed Jun 06 18:05:49 +0000 2018,0.0,0.0,0.0,1.0,RT @Sadhu174: @docrocktex26 Here MSM. This is how u do it!  U should have known he would do this and had reporters on the ground to call ou‚Ä¶
@nytimes,Wed Jun 06 18:05:49 +0000 2018,0.1531,0.113,0.088,0.798,RT @nytimes: Breaking News: Paul Ryan dismissed President Trump‚Äôs charge of a spy in his campaign and warned against his pardoning himself:‚Ä¶
@nytimes,Wed Jun 06 18:05:48 +0000 2018,0.5574,0.34,0.0,0.66,#UnExpectedCrossRoads A Real Hood Romance @nytimes @nybooks @nytimes #BlossomCarter
@nytimes,Wed Jun 06 18:05:48 +0000 2018,0.2732,0.1,0.0,0.9,RT @NatalieElsberg: Well done @nytimes @emmaroller for lifting the profile of bigots (again) and not doing your research (again).  Disgrace‚Ä¶
@nytimes,Wed Jun 06 18:05:48 +0000 2018,0.8225,0.297,0.0,0.703,RT @RealBillRussell: The best thing that happened to @Eagles since winning the #superbowl is @realDonaldTrump uninviting them to the #White‚Ä¶
@nytimes,Wed Jun 06 18:05:46 +0000 2018,-0.8777,0.0,0.402,0.598,@nytimes Why religion of Islam is persecuted and claims of terrorism. Weapons made in America and Russia  !.?
@nytimes,Wed Jun 06 18:05:43 +0000 2018,-0.5574,0.0,0.141,0.859,"RT @nytimes: San Francisco's new ban on the selling of flavored tobacco products, including menthol cigarettes, is said to be the most rest‚Ä¶"
@nytimes,Wed Jun 06 18:05:43 +0000 2018,-0.875,0.087,0.441,0.472,@H_Begley @LakeMonahan @nytimes @H_Begley Exactly. People who commit suicide aren‚Äôt selfish. They are tortured and‚Ä¶ https://t.co/4drFcAvihH
@nytimes,Wed Jun 06 18:05:42 +0000 2018,0.0,0.0,0.0,1.0,@Asneakypete @washingtonpost @CNN @nytimes The stats aren‚Äôt current. They show a decrease in circulation from 2013‚Ä¶ https://t.co/5MirDqQFf7
@nytimes,Wed Jun 06 18:05:40 +0000 2018,-0.4005,0.069,0.176,0.755,"@nytimes Nothing most vicious than a man who commits a adultery,and his wife aware of it."
@nytimes,Wed Jun 06 18:05:37 +0000 2018,-0.4767,0.0,0.608,0.392,@nytimes Fake news.
@nytimes,Wed Jun 06 18:05:36 +0000 2018,-0.128,0.107,0.126,0.766,"RT @JoshuaPStarr: Trump‚Äôs School Safety Commission Won‚Äôt Look at Guns, Betsy DeVos Says   via @NYTimes. This is such an insult by @BetsyDeV‚Ä¶"
